"SETI_pad4_sag101";"SETI_sag101";"sag101";"pad4";"pad4_sag101";"SETI";"SETI_pad4"
"AT5G56340";"AT2G04430";"AT2G37110";"AT2G47650";"AT5G17380";"AT5G23520";"AT3G04110"
"AT1G03730";"AT3G27560";"AT5G56170";"AT1G05010";"AT5G54500";"AT4G24290";"AT1G76130"
"AT5G16480";"AT5G46490";"AT2G41420";"AT4G02350";"AT2G41110";"AT4G01370";"AT5G43650"
"AT5G41180";"AT4G04500";"AT1G61150";"AT5G01210";"AT2G46600";"AT3G26000";"AT4G14680"
"AT3G47540";"AT5G43910";"AT1G73030";"AT5G05850";"AT3G18830";"AT1G64460";"AT3G57730"
"AT1G33720";"AT5G20350";"AT5G54110";"AT1G34370";"AT1G60730";"AT3G47530";"AT5G24110"
"AT1G35230";"AT1G66250";"AT3G03740";"AT2G36220";"AT1G03220";"AT5G20990";"AT5G40170"
"AT2G04450";"AT4G01540";"AT1G05350";"AT3G21690";"AT3G16860";"AT3G46530";"AT4G18205"
"AT4G18250";"AT5G01970";"AT5G59420";"AT5G03490";"AT4G32020";"AT4G19510";"AT3G18710"
"AT4G36988";"AT5G52730";"AT1G76390";"AT1G06160";"AT4G22530";"AT4G19990";"AT5G66320"
"AT5G22520";"AT2G21470";"AT2G38740";"AT4G28490";"AT4G18010";"AT3G44150";"AT5G44870"
"AT5G58430";"AT3G60800";"AT1G66260";"AT2G34355";"AT1G03230";"AT2G26240";"AT4G25940"
"AT1G01560";"AT5G26170";"AT5G35460";"AT3G28940";"AT5G64310";"AT3G03010";"AT5G58787"
"AT1G48320";"AT4G12710";"AT5G47200";"AT5G26340";"AT1G33560";"AT5G64000";"AT3G54420"
"AT3G22160";"AT5G04550";"AT1G04970";"AT1G33110";"AT2G32210";"AT5G59000";"AT5G45250"
"AT3G57550";"AT1G65870";"AT5G13810";"AT2G29340";"AT2G31955";"AT5G64510";"AT5G04020"
"AT4G04540";"AT1G13180";"AT2G46080";"AT4G36480";"AT4G23850";"AT4G36520";"AT5G32481"
"AT4G18253";"AT2G45910";"AT2G01670";"AT4G19880";"AT5G15640";"AT3G59570";"AT1G79670"
"AT1G71100";"AT3G60966";"AT3G57280";"AT1G55920";"AT5G54840";"AT1G56130";"AT1G76640"
"AT4G39030";"AT1G65483";"AT5G50430";"AT1G69960";"AT4G20860";"AT5G20610";"AT3G55880"
"AT2G41835";"AT1G72540";"AT4G25690";"AT1G20100";"AT1G66590";"AT3G16270";"AT1G62200"
"AT1G01680";"AT2G33700";"AT2G38000";"AT4G36670";"AT1G18210";"AT1G34300";"AT1G53390"
"AT2G27580";"AT5G61510";"AT1G25682";"AT1G74450";"AT2G41380";"AT5G22780";"AT1G11310"
"AT3G07720";"AT5G38895";"AT3G07560";"AT1G30320";"AT1G14740";"AT1G61460";"AT2G29100"
"AT4G02550";"AT1G13550";"AT4G39990";"AT1G28280";"AT1G27020";"AT4G23160";"AT4G18197"
"AT4G11660";"AT4G24730";"AT3G16220";"AT1G08315";"AT3G15500";"AT1G41797";"AT4G38550"
"AT5G01980";"AT1G78200";"AT4G02195";"AT1G25275";"AT3G04670";"AT3G25010";"AT2G31230"
"AT5G42830";"AT2G25190";"AT2G24360";"AT4G30510";"AT3G62720";"AT5G03160";"AT4G18195"
"AT2G44600";"AT3G18250";"AT2G30880";"AT1G78310";"AT5G65240";"AT1G14360";"AT4G11521"
"AT3G54150";"AT4G27500";"AT5G25940";"AT3G08030";"AT1G66160";"AT2G02810";"AT4G04220"
"AT4G23570";"AT5G39040";"AT5G16880";"AT3G14620";"AT3G55430";"AT2G40810";"AT1G27500"
"AT4G26400";"AT3G07700";"AT3G62830";"AT2G27500";"AT1G09070";"AT2G25440";"AT1G56145"
"AT5G13190";"AT4G12790";"AT5G20000";"AT3G20860";"AT5G48930";"AT3G18370";"AT5G52800"
"AT5G26030";"AT3G02610";"AT1G80460";"AT2G39210";"AT1G78420";"AT2G30070";"AT1G25390"
"AT1G43910";"AT1G12360";"AT1G75860";"AT1G23090";"AT1G07240";"AT1G26130";"AT4G36140"
"AT3G55470";"AT5G47120";"AT2G26600";"AT1G33610";"AT1G19380";"AT5G57140";"AT2G01029"
"AT2G18690";"AT3G18440";"AT4G39910";"AT3G24550";"AT5G03630";"AT5G42020";"AT5G09790"
"AT3G10500";"AT1G68200";"AT5G41990";"AT5G39050";"AT4G28550";"AT4G30640";"AT4G26070"
"AT4G09570";"AT4G36945";"AT5G59290";"AT5G09470";"AT5G67250";"AT1G05170";"AT3G05370"
"AT4G38940";"AT1G73130";"AT5G02040";"AT2G30140";"AT4G13180";"AT5G26180";"AT2G17040"
"AT5G66640";"AT2G47490";"AT4G33910";"AT5G63320";"AT1G35350";"AT3G62600";"AT1G77660"
"AT1G51890";"AT3G52470";"AT5G21090";"AT4G35630";"AT1G80300";"AT4G26270";"AT3G24900"
"AT2G42950";"AT4G17670";"AT5G28830";"AT2G38170";"AT3G09370";"AT5G49110";"AT5G44582"
"AT1G57560";"AT3G60690";"AT3G02880";"AT5G20960";"AT1G09560";"AT4G23170";"AT5G45060"
"AT1G64610";"AT5G46410";"AT4G00300";"AT1G78830";"AT5G16830";"AT5G22770";"AT2G26170"
"AT3G59700";"AT2G21790";"AT1G26690";"AT1G58590";"AT2G30490";"AT5G16230";"AT4G04480"
"AT5G25260";"AT3G52460";"AT5G64090";"AT2G23770";"AT5G62560";"AT1G67630";"AT5G47230"
"AT4G00700";"AT3G02770";"AT1G18480";"AT4G16250";"AT3G51890";"AT4G00240";"AT2G28830"
"AT4G12720";"AT1G72890";"AT4G23885";"AT4G34135";"AT1G60440";"AT5G28540";"AT1G74440"
"AT4G23700";"AT3G03610";"AT3G15260";"AT1G50360";"AT4G02520";"AT4G16660";"AT4G23180"
"AT3G04580";"AT5G08335";"AT2G40890";"AT2G25850";"AT2G41730";"AT5G04560";"AT3G14840"
"AT1G30755";"AT4G39820";"AT3G17800";"AT3G13310";"AT4G25810";"AT2G46240";"AT2G15040"
"AT1G09932";"AT3G10540";"AT1G70590";"AT3G59880";"AT2G18193";"AT2G24160";"AT1G11300"
"AT1G13340";"AT4G28480";"AT1G30640";"AT4G02940";"AT1G47530";"AT5G12030";"AT1G72910"
"AT1G19020";"AT3G60450";"AT5G18110";"AT2G47800";"AT3G44190";"AT5G01732";"AT1G63380"
"AT1G77500";"AT2G34610";"AT1G21900";"AT1G21250";"AT2G22475";"AT4G29000";"AT2G31945"
"AT4G30060";"AT3G53120";"AT2G27200";"AT2G43150";"AT3G56880";"AT4G04900";"AT3G11010"
"AT4G38560";"AT3G18295";"AT3G22950";"AT1G66920";"AT3G63010";"AT4G04655";"AT1G74080"
"AT5G67340";"AT5G13310";"AT1G16240";"AT4G26970";"AT1G17745";"AT2G32880";"AT3G26210"
"AT3G52870";"AT2G36470";"AT1G50640";"AT1G69750";"AT4G22590";"AT5G08610";"AT5G28120"
"AT1G74710";"AT4G05030";"AT4G21560";"AT1G78460";"AT1G70140";"AT5G52740";"AT3G24503"
"AT2G40095";"AT1G33800";"AT4G39270";"AT4G16260";"AT4G10960";"AT3G54120";"AT1G08450"
"AT5G22250";"AT1G31010";"AT2G04520";"AT4G23810";"AT2G22470";"AT2G46940";"AT1G11303"
"AT1G30040";"AT1G05880";"AT1G20090";"AT1G30135";"AT1G14330";"AT4G16780";"AT2G23330"
"AT1G32127";"AT1G19250";"AT4G05050";"AT1G34260";"AT3G01970";"AT1G58420";"AT4G15233"
"AT1G67060";"AT3G46510";"AT5G24430";"AT1G71040";"AT5G03610";"AT3G09040";"AT1G05630"
"AT1G78410";"AT1G30000";"AT1G28680";"AT3G50950";"AT1G77760";"AT4G37100";"AT4G36950"
"AT3G52430";"AT5G66600";"AT5G17690";"AT4G12010";"AT1G06050";"AT2G28760";"AT4G37670"
"AT5G22530";"AT3G15358";"AT1G10230";"AT5G59540";"AT3G55600";"AT5G47380";"AT1G51760"
"AT5G35735";"AT4G03420";"AT2G27260";"AT4G30530";"AT4G27350";"AT4G29520";"AT2G32680"
"AT4G23150";"AT1G11200";"AT1G80510";"AT2G40090";"AT2G17130";"AT2G24165";"AT5G60300"
"AT4G26120";"AT3G44670";"AT4G12250";"AT1G15125";"AT5G58350";"AT3G03970";"AT3G04210"
"AT1G63720";"AT1G64280";"AT5G53310";"AT2G46510";"AT5G57060";"AT5G40720";"AT2G03505"
"AT4G39640";"AT5G38344";"AT5G48970";"AT2G44300";"AT2G17530";"AT1G09080";"AT2G46430"
"AT4G11170";"AT1G64400";"AT3G29075";"AT1G63860";"AT4G34050";"AT5G44635";"AT2G29410"
"AT5G60280";"AT1G66460";"AT5G22000";"AT4G37530";"AT4G30490";"AT1G66550";"AT5G02970"
"AT1G21550";"AT1G61490";"AT5G60820";"AT1G25560";"AT4G30290";"AT3G51350";"AT5G60900"
"AT2G28570";"AT1G73020";"AT5G13420";"AT1G59810";"AT4G08180";"AT4G30230";"AT5G01050"
"AT1G63830";"AT1G21520";"AT3G20510";"AT5G27520";"AT3G25900";"AT2G28630";"AT1G72060"
"AT1G67970";"AT1G03495";"AT3G29170";"AT5G51770";"AT1G09575";"AT4G08750";"AT1G04920"
"AT2G39650";"AT3G53150";"AT5G51640";"AT5G12300";"AT4G34710";"AT1G67000";"AT4G23230"
"AT3G55950";"AT5G43190";"AT4G33690";"AT3G02040";"AT4G21120";"AT5G64900";"AT2G01379"
"AT3G13100";"AT5G52720";"AT3G56800";"AT5G19250";"AT2G26480";"AT2G36420";"AT3G45860"
"AT4G21400";"AT1G51640";"AT1G02500";"AT4G30350";"AT5G45750";"AT4G35940";"AT1G59950"
"AT3G10640";"AT5G04170";"AT3G13320";"AT3G01650";"AT5G47050";"AT4G08210";"AT4G39580"
"AT5G13320";"AT5G57970";"AT5G22350";"AT4G37520";"AT1G23550";"AT4G39010";NA
"AT3G48090";"AT3G53270";"AT4G21980";"AT4G15140";"AT5G45710";"AT4G00940";NA
"AT5G60800";"AT1G19360";"AT4G19140";"AT1G28240";"AT4G25350";"AT5G66300";NA
"AT4G04490";"AT5G61840";"AT5G20910";"AT1G02880";"AT3G61630";"AT4G11230";NA
"AT1G21370";"AT5G50140";"AT5G56350";"AT3G20600";"AT3G61640";"AT5G59670";NA
"AT4G34390";"AT5G47420";"AT5G64250";"AT2G36970";"AT4G09030";"AT3G54160";NA
"AT5G45100";"AT5G63225";"AT3G55050";"AT5G04860";"AT4G31860";"AT1G31335";NA
"AT3G50930";"AT5G64530";"AT5G41940";"AT2G46260";"AT3G09920";"AT3G24630";NA
"AT5G62020";"AT5G55460";"AT3G61570";"AT1G07630";"AT5G53588";"AT1G53080";NA
"AT3G57450";"AT2G33120";"AT3G05500";"AT3G19380";"AT3G11420";"AT3G13850";NA
"AT2G32140";"AT5G38350";"AT2G34730";"AT2G15080";"AT1G78860";"AT5G03260";NA
"AT4G33060";"AT1G32530";"AT1G66580";"AT2G29120";"AT4G21740";"AT2G24170";NA
"AT5G48400";"AT3G60540";"AT4G12070";"AT2G30360";"AT1G02660";"AT1G33790";NA
"AT2G29720";"AT2G13810";"AT1G48850";"AT2G29165";"AT4G20320";"AT1G71400";NA
"AT1G31130";"AT3G07390";"AT3G06420";"AT5G52400";"AT4G35480";"AT1G14040";NA
"AT5G66210";"AT1G79690";"AT5G58720";"AT2G42330";"AT1G73550";"AT5G52910";NA
"AT1G18890";"AT1G01550";"AT3G17205";"AT1G58340";"AT3G03020";"AT2G44580";NA
"AT1G19270";"AT3G56440";"AT4G20380";"AT4G15236";"AT1G70990";"AT1G30900";NA
"AT2G28080";"AT2G26400";"AT5G08630";"AT1G37130";"AT5G37600";"AT5G47830";NA
"AT3G26020";"AT4G21840";"AT5G52210";"AT4G01250";"AT1G68410";"AT5G14730";NA
"AT5G22630";"AT4G15200";"AT1G21380";"AT3G04720";"AT4G36640";"AT3G53830";NA
"AT5G48655";"AT2G39360";"AT5G63880";"AT5G60630";"AT4G21680";"AT3G47050";NA
"AT1G30620";"AT3G03310";"AT5G59890";"AT1G15170";"AT1G79450";"AT4G04695";NA
"AT1G11905";"AT3G52480";"AT1G76900";"AT3G26200";"AT1G02400";"AT3G47840";NA
"AT1G08050";"AT3G62200";"AT3G15060";"AT5G49480";"AT2G03760";"AT1G58225";NA
"AT1G80820";"AT5G47130";"AT5G21070";"AT5G02630";"AT1G76210";"AT3G11000";NA
"AT3G04220";"AT4G25880";"AT5G61390";"AT2G27690";"AT3G45060";"AT1G08500";NA
"AT3G45640";"AT2G01650";"AT2G02180";"AT5G13110";"AT3G25180";"AT1G72250";NA
"AT3G49530";"AT3G60190";"AT1G66680";"AT3G57760";"AT5G07730";"AT3G23740";NA
"AT5G45130";"AT3G63240";"AT1G10410";"AT1G06850";"AT4G18140";"AT1G51340";NA
"AT2G41010";"AT5G46350";"AT5G42150";"AT4G24230";"AT5G67310";"AT2G29500";NA
"AT4G34150";"AT4G04920";"AT1G06870";"AT5G13490";"AT1G17744";"AT5G02680";NA
"AT1G51660";"AT4G37020";"AT3G12550";"AT4G18422";"AT3G49120";"AT3G47230";NA
"AT3G12740";"AT1G52315";"AT4G17486";"AT4G35770";"AT5G01380";"AT5G24290";NA
"AT5G42010";"AT3G10400";"AT3G60520";"AT1G61120";"AT5G25820";"AT4G31840";NA
"AT2G43320";"AT4G26240";"AT4G25640";"AT4G00955";"AT5G54730";"AT5G45740";NA
"AT3G16510";"AT5G48570";"AT5G16200";"AT2G27080";"AT3G59350";NA;NA
"AT3G60415";"AT5G61530";"AT3G12350";"AT2G47950";"AT5G18150";NA;NA
"AT5G24200";"AT4G19925";"AT1G09645";"AT1G75040";"AT3G54640";NA;NA
"AT5G59820";"AT4G16880";"AT1G21280";"AT4G28703";"AT2G47000";NA;NA
"AT5G64810";"AT3G06300";"AT4G22920";"AT1G01720";"AT5G64120";NA;NA
"AT1G66090";"AT3G10820";"AT1G61667";"AT1G65520";"AT5G60270";NA;NA
"AT4G37640";"AT1G71390";"AT4G01950";"AT5G57050";"AT1G16300";NA;NA
"AT5G54710";"AT2G45010";"AT2G20130";"AT4G13920";"AT3G16330";NA;NA
"AT1G56060";"AT2G40740";"AT1G19240";"AT4G29600";"AT1G73500";NA;NA
"AT1G61560";"AT1G32340";"AT2G05320";"AT3G14870";"AT5G44390";NA;NA
"AT4G25030";"AT4G23320";"AT3G06850";"AT1G70520";"AT4G31000";NA;NA
"AT5G26751";"AT4G31510";"AT1G70518";"AT1G73010";"AT1G22250";NA;NA
"AT1G02270";"AT1G07400";"AT4G02890";"AT3G23530";"AT4G19460";NA;NA
"AT1G01340";"AT3G05710";"AT2G17760";"AT2G26440";"AT3G21240";NA;NA
"AT1G67810";"AT1G56150";"AT5G11730";"AT4G36040";"AT3G50060";NA;NA
"AT3G21230";"AT2G39530";"AT1G17860";"AT5G14640";"AT2G18350";NA;NA
"AT2G26150";"AT4G25720";"AT1G08830";"AT5G44575";"AT5G13820";NA;NA
"AT3G19260";"AT5G11030";"AT3G25870";"AT4G25672";"AT1G72070";NA;NA
"AT4G17900";"AT4G15070";"AT4G02880";"AT4G38545";"AT4G02330";NA;NA
"AT1G72900";"AT3G50460";"AT1G02750";"AT2G16890";"AT4G27940";NA;NA
"AT2G47730";"AT4G11840";"AT1G62480";"AT2G24570";"AT4G08040";NA;NA
"AT5G12480";"AT4G02220";"AT5G54930";"AT5G52050";"AT2G40110";NA;NA
"AT2G39660";"AT5G44570";"AT1G15010";"AT1G21270";"AT4G13340";NA;NA
"AT1G21120";"AT3G57950";"AT1G33970";"AT1G71880";"AT2G40113";NA;NA
"AT1G42990";"AT3G50800";"AT1G74340";"AT5G59730";"AT1G15415";NA;NA
"AT3G06890";"AT1G01690";"AT5G55860";"AT3G09490";"AT5G10830";NA;NA
"AT3G17410";"AT3G02360";"AT2G36330";"AT1G16220";"AT1G10990";NA;NA
"AT1G16420";"AT2G21900";"AT4G24200";"AT5G13220";"AT5G64260";NA;NA
"AT2G20900";"AT5G14480";"AT5G01820";"AT2G39710";"AT2G29740";NA;NA
"AT5G66620";"AT2G45920";"AT2G22860";"AT5G03720";"AT2G43570";NA;NA
"AT1G24150";"AT4G19970";"AT5G54100";"AT5G50915";"AT2G24550";NA;NA
"AT3G19970";"AT1G80450";"AT1G23220";"AT1G63740";"AT2G24850";NA;NA
"AT5G39670";"AT3G54850";"AT1G04960";"AT5G44568";"AT3G52450";NA;NA
"AT2G01450";"AT1G21450";"AT5G60230";"AT1G15110";"AT4G30090";NA;NA
"AT3G53810";"AT3G02520";"AT2G46140";"AT1G76470";"AT5G59490";NA;NA
"AT5G22540";"AT2G42890";"AT5G21900";"AT5G28237";"AT4G05010";NA;NA
"AT3G25600";"AT1G09630";"AT3G57120";"AT4G35380";"AT2G35000";NA;NA
"AT4G16860";"AT5G23490";"AT5G58380";"AT1G72450";"AT4G37390";NA;NA
"AT1G14370";"AT5G35200";"AT2G04350";"AT5G55120";"AT2G04040";NA;NA
"AT4G12040";"AT4G12690";"AT5G18950";"AT1G75000";NA;NA;NA
"AT1G33730";"AT3G56740";"AT5G42940";"AT5G12880";NA;NA;NA
"AT5G26920";"AT1G12290";"AT5G63905";"AT2G43160";NA;NA;NA
"AT1G21240";"AT3G53668";"AT5G51620";"AT3G45290";NA;NA;NA
"AT1G73810";"AT1G33950";"AT5G54160";"AT1G20350";NA;NA;NA
"AT5G03990";"AT1G02740";"AT3G06760";"AT5G22300";NA;NA;NA
"AT5G57220";"AT3G55270";"AT1G72750";"AT3G62160";NA;NA;NA
"AT5G01550";"AT1G27350";"AT1G52760";"AT1G66570";NA;NA;NA
"AT1G69840";"AT2G45220";"AT1G13360";"AT3G44860";NA;NA;NA
"AT3G21080";"AT3G29360";"AT2G04400";"AT5G58680";NA;NA;NA
"AT1G08860";"AT4G39780";"AT5G56970";"AT1G44120";NA;NA;NA
"AT1G67800";"AT2G02090";"AT1G68440";"AT3G25400";NA;NA;NA
"AT2G05940";"AT5G17060";"AT5G56950";"AT4G27652";NA;NA;NA
"AT4G23310";"AT1G27330";"AT5G40000";"AT1G11330";NA;NA;NA
"AT2G37980";"AT4G20880";"AT4G35500";"AT4G23140";NA;NA;NA
"AT4G36500";"AT3G11880";"AT3G13050";"AT4G15417";NA;NA;NA
"AT1G59590";"AT1G71170";"AT4G24920";"AT1G14640";NA;NA;NA
"AT5G66900";"AT2G18000";"AT3G03750";"AT1G23830";NA;NA;NA
"AT2G46330";"AT1G05783";"AT3G06350";"AT4G15760";NA;NA;NA
"AT2G37940";"AT3G09030";"AT5G55400";"AT1G24147";NA;NA;NA
"AT1G29690";"AT1G67050";"AT1G32460";"AT3G15680";NA;NA;NA
"AT1G14870";"AT3G25230";"AT2G38800";"AT1G21050";NA;NA;NA
"AT3G47550";"AT4G09300";"AT4G13040";"AT1G47130";NA;NA;NA
"AT3G09405";"AT5G40880";"AT3G27570";"AT5G53750";NA;NA;NA
"AT5G03320";"AT5G02800";"AT2G39350";"AT1G16640";NA;NA;NA
"AT1G24140";"AT3G13610";"AT4G21700";"AT3G52390";NA;NA;NA
"AT1G56520";"AT5G41170";"AT5G08139";"AT3G62570";NA;NA;NA
"AT5G51630";"AT5G46500";"AT1G57620";"AT1G75030";NA;NA;NA
"AT1G28190";"AT5G24910";"AT3G53990";"AT5G18780";NA;NA;NA
"AT1G64065";"AT2G25737";"AT2G17480";"AT4G13370";NA;NA;NA
"AT3G28580";"AT5G04160";"AT1G21200";"ATCG00190";NA;NA;NA
"AT3G07780";"AT1G30814";"AT5G66730";"AT4G15280";NA;NA;NA
"AT5G47070";"AT5G62540";"AT3G28180";"AT3G18560";NA;NA;NA
"AT3G48650";"AT4G30600";"AT1G05785";"AT4G10380";NA;NA;NA
"AT1G63750";"AT3G05050";"AT3G47730";"AT3G54780";NA;NA;NA
"AT3G28850";"AT3G02340";"AT4G04800";"AT1G16110";NA;NA;NA
"AT5G52760";"AT1G11100";"AT5G19070";"AT5G32540";NA;NA;NA
"AT3G15518";"AT2G43680";"AT1G52540";"AT5G54470";NA;NA;NA
"AT4G21390";"AT5G14310";"AT5G67600";"AT5G07322";NA;NA;NA
"AT4G17500";"AT5G60930";"AT1G47870";"AT2G21850";NA;NA;NA
"AT4G39890";"AT4G12740";"AT5G25510";"AT1G15670";NA;NA;NA
"AT1G17610";"AT4G11340";"AT4G23920";"AT4G11080";NA;NA;NA
"AT2G23810";"AT4G12400";"AT3G17609";"AT5G10170";NA;NA;NA
"AT2G46400";"AT1G65481";"AT1G77000";"AT5G48060";NA;NA;NA
"AT5G14930";"AT1G17330";"AT4G26080";NA;NA;NA;NA
"AT2G22300";"AT2G28590";"AT1G75440";NA;NA;NA;NA
"AT2G31865";"AT5G35320";"AT2G20770";NA;NA;NA;NA
"AT2G46620";"AT1G16930";"AT1G20460";NA;NA;NA;NA
"AT3G08720";"AT5G51740";"AT2G31730";NA;NA;NA;NA
"AT3G21780";"AT1G66465";"AT3G26420";NA;NA;NA;NA
"AT5G25170";"AT5G24760";"AT4G02730";NA;NA;NA;NA
"AT5G42380";"AT5G27830";"AT3G46280";NA;NA;NA;NA
"AT1G35210";"AT1G17615";"AT2G36880";NA;NA;NA;NA
"AT3G44720";"AT5G17760";"AT5G10820";NA;NA;NA;NA
"AT1G61140";"AT5G67450";"AT1G04290";NA;NA;NA;NA
"AT1G72920";"AT3G12200";"AT5G39580";NA;NA;NA;NA
"AT1G61800";"AT1G76620";"AT4G16500";NA;NA;NA;NA
"AT3G17420";"AT5G48150";"AT1G35910";NA;NA;NA;NA
"AT3G29400";"AT5G15470";"AT2G30550";NA;NA;NA;NA
"AT5G09800";"AT4G29810";"AT1G32870";NA;NA;NA;NA
"AT1G67520";"AT5G43170";"AT2G24330";NA;NA;NA;NA
"AT1G76600";"AT1G66080";"AT2G17570";NA;NA;NA;NA
"AT3G59660";"AT5G65630";"AT4G08930";NA;NA;NA;NA
"AT3G21220";"AT1G30100";"AT2G31585";NA;NA;NA;NA
"AT1G13110";"AT4G38530";"AT4G03110";NA;NA;NA;NA
"AT3G14470";"AT3G07580";"AT1G78380";NA;NA;NA;NA
"AT2G17290";"AT2G20110";"AT3G09910";NA;NA;NA;NA
"AT3G17690";"AT5G45090";"AT2G04650";NA;NA;NA;NA
"AT5G41280";"AT3G11080";"AT4G22320";NA;NA;NA;NA
"AT3G14050";"AT1G10280";"AT1G77250";NA;NA;NA;NA
"AT5G06560";"AT5G03870";"AT5G64010";NA;NA;NA;NA
"AT5G41730";"AT3G46690";"AT3G14130";NA;NA;NA;NA
"AT1G18570";"AT2G19880";"AT3G61580";NA;NA;NA;NA
"AT5G22060";"AT2G01600";"AT3G51990";NA;NA;NA;NA
"AT2G41880";"AT3G57100";"AT3G17390";NA;NA;NA;NA
"AT1G32920";"AT1G35430";"AT5G10400";NA;NA;NA;NA
"AT4G16960";"AT3G46520";"AT4G26750";NA;NA;NA;NA
"AT2G11520";"AT4G00820";"AT1G02220";NA;NA;NA;NA
"AT3G45040";"AT4G11480";"AT5G15130";NA;NA;NA;NA
"AT3G60260";"AT2G34650";"AT3G09840";NA;NA;NA;NA
"AT1G62422";"AT3G45330";"AT1G27110";NA;NA;NA;NA
"AT2G40140";"AT1G10290";"AT3G03360";NA;NA;NA;NA
"AT5G41740";"AT3G54270";"AT4G32870";NA;NA;NA;NA
"AT1G18300";"AT5G44910";"AT5G57000";NA;NA;NA;NA
"AT3G28340";"AT5G05100";"AT5G46360";NA;NA;NA;NA
"AT2G38290";"AT1G19970";"AT1G72210";NA;NA;NA;NA
"AT4G39670";"AT5G45080";"AT5G23130";NA;NA;NA;NA
"AT3G02840";"AT1G13530";"AT1G05710";NA;NA;NA;NA
"AT4G01010";"AT5G07650";"AT4G09420";NA;NA;NA;NA
"AT3G26670";"AT2G24285";"AT3G23160";NA;NA;NA;NA
"AT5G66850";"AT2G25000";"AT2G38870";NA;NA;NA;NA
"AT5G12940";"AT2G04780";"AT1G78550";NA;NA;NA;NA
"AT1G53625";"AT5G22545";"AT5G44569";NA;NA;NA;NA
"AT1G77810";"AT1G74590";"AT1G13480";NA;NA;NA;NA
"AT2G04495";"AT3G12050";"AT1G72120";NA;NA;NA;NA
"AT3G26980";"AT3G55150";"AT5G60790";NA;NA;NA;NA
"AT1G72240";"AT4G16840";"AT3G12510";NA;NA;NA;NA
"AT5G46080";"AT5G57123";"AT1G45145";NA;NA;NA;NA
"AT1G17340";"AT5G15790";"AT5G36002";NA;NA;NA;NA
"AT2G16500";"AT3G25210";"AT1G74790";NA;NA;NA;NA
"AT4G23030";"AT4G11655";"AT5G50560";NA;NA;NA;NA
"AT4G18880";"AT5G22380";"AT3G03320";NA;NA;NA;NA
"AT5G62620";"AT3G56470";"AT4G15150";NA;NA;NA;NA
"AT3G21520";"AT1G02450";"AT3G09480";NA;NA;NA;NA
"AT5G54490";"AT5G07165";"AT3G59520";NA;NA;NA;NA
"AT1G07135";"AT3G24530";"AT4G34040";NA;NA;NA;NA
"AT3G61190";"AT4G17660";"AT4G13330";NA;NA;NA;NA
"AT4G33430";"AT5G01490";"AT5G24230";NA;NA;NA;NA
"AT3G44630";"AT2G04500";"AT3G28600";NA;NA;NA;NA
"AT3G15770";"AT3G25882";"AT5G40010";NA;NA;NA;NA
"AT1G15430";"AT4G30880";"AT1G56345";NA;NA;NA;NA
"AT4G22780";"AT5G15480";"AT3G02555";NA;NA;NA;NA
"AT1G23710";"AT3G14460";"AT3G10340";NA;NA;NA;NA
"AT4G23215";"AT4G14960";"AT4G08950";NA;NA;NA;NA
"AT2G46500";"AT5G38280";"AT3G27290";NA;NA;NA;NA
"AT1G65250";"AT5G51440";"AT5G40730";NA;NA;NA;NA
"AT1G72940";"AT4G26470";"AT5G40540";NA;NA;NA;NA
"AT3G11820";"AT1G74740";"AT3G46385";NA;NA;NA;NA
"AT5G41750";"AT5G46230";"AT1G76610";NA;NA;NA;NA
"AT2G04515";"AT1G28480";"AT1G56660";NA;NA;NA;NA
"AT3G46620";"AT5G25450";"AT2G39200";NA;NA;NA;NA
"AT4G18890";"AT4G15420";"AT5G59220";NA;NA;NA;NA
"AT3G47480";"AT3G24090";"AT3G57380";NA;NA;NA;NA
"AT4G20830";"AT4G25110";"AT4G09770";NA;NA;NA;NA
"AT3G57530";"AT5G22270";"AT4G25020";NA;NA;NA;NA
"AT4G35600";"AT5G19260";"AT3G61198";NA;NA;NA;NA
"AT5G42050";"AT2G25240";"AT3G28510";NA;NA;NA;NA
"AT3G22600";"AT5G61260";"AT4G03320";NA;NA;NA;NA
"AT3G09350";"AT1G55610";"AT1G65610";NA;NA;NA;NA
"AT4G35310";"AT2G02340";"AT4G33440";NA;NA;NA;NA
"AT5G11000";"AT3G12040";"AT1G73965";NA;NA;NA;NA
"AT3G21150";"AT4G16820";"AT2G22250";NA;NA;NA;NA
"AT1G57650";"AT1G62740";"AT3G19660";NA;NA;NA;NA
"AT3G21700";"AT5G67245";"AT1G74030";NA;NA;NA;NA
"AT5G16170";"AT3G55730";"AT4G21610";NA;NA;NA;NA
"AT2G20780";"AT3G13437";"AT2G30395";NA;NA;NA;NA
"AT2G21120";"AT5G49570";"AT1G76705";NA;NA;NA;NA
"AT1G17750";"AT3G13782";"AT4G18170";NA;NA;NA;NA
"AT4G24160";"AT3G52540";"AT4G31790";NA;NA;NA;NA
"AT3G48100";"AT1G01440";"AT1G29640";NA;NA;NA;NA
"AT1G30270";"AT1G67650";"AT1G43886";NA;NA;NA;NA
"AT2G32150";"AT5G53110";"AT1G52690";NA;NA;NA;NA
"AT3G13950";"AT5G61430";"AT4G30270";NA;NA;NA;NA
"AT5G06320";"AT5G67140";"AT5G59190";NA;NA;NA;NA
"AT1G30757";"AT1G03850";"AT5G38890";NA;NA;NA;NA
"AT1G69520";"AT5G45480";"AT1G55775";NA;NA;NA;NA
"AT4G23190";"AT1G57700";"AT5G51460";NA;NA;NA;NA
"AT5G45110";"AT5G01370";"AT3G18170";NA;NA;NA;NA
"AT5G45840";"AT5G39660";"AT4G25692";NA;NA;NA;NA
"AT5G54650";"AT5G39680";"AT4G20460";NA;NA;NA;NA
"AT1G13540";"AT4G08230";"AT1G59820";NA;NA;NA;NA
"AT1G61360";"AT2G41440";"AT1G48870";NA;NA;NA;NA
"AT1G80610";"AT3G13090";"AT4G13320";NA;NA;NA;NA
"AT2G32130";"AT2G38340";"AT1G68250";NA;NA;NA;NA
"AT3G53260";"AT3G44110";"AT4G38932";NA;NA;NA;NA
"AT4G14450";"AT1G21740";"AT2G17740";NA;NA;NA;NA
"AT1G70690";"AT1G47210";"AT5G44820";NA;NA;NA;NA
"AT1G13310";"AT5G06810";"AT2G28110";NA;NA;NA;NA
"AT5G10695";"AT2G21188";"AT1G01010";NA;NA;NA;NA
"AT5G27420";"AT5G20730";"AT1G65390";NA;NA;NA;NA
"AT1G53620";"AT1G19010";"AT3G60550";NA;NA;NA;NA
"AT5G47910";"AT5G65205";"AT2G30540";NA;NA;NA;NA
"AT5G64870";"AT2G29730";"AT5G50760";NA;NA;NA;NA
"AT4G29780";"AT3G06740";"AT4G35655";NA;NA;NA;NA
"AT1G08930";"AT4G27745";"AT5G66440";NA;NA;NA;NA
"AT5G23510";"AT5G66658";"AT5G50440";NA;NA;NA;NA
"AT4G31980";"AT5G14420";"AT2G30640";NA;NA;NA;NA
"AT5G54780";"AT1G06000";"AT2G30400";NA;NA;NA;NA
"AT1G10340";"AT1G65845";"AT4G33420";NA;NA;NA;NA
"AT1G53440";"AT4G13000";"AT5G16080";NA;NA;NA;NA
"AT1G33420";"AT4G39380";"AT1G32930";NA;NA;NA;NA
"AT3G47820";"AT1G03650";"AT1G79220";NA;NA;NA;NA
"AT1G27100";"AT4G39020";"AT1G77390";NA;NA;NA;NA
"AT2G30440";"AT1G65850";"AT5G24920";NA;NA;NA;NA
"AT2G44080";"AT1G06140";"AT1G47560";NA;NA;NA;NA
"AT5G18470";"AT3G55390";"AT5G05220";NA;NA;NA;NA
"AT1G21070";"AT1G76550";"AT5G39090";NA;NA;NA;NA
"AT1G56140";"AT5G44460";"AT1G32690";NA;NA;NA;NA
"AT1G70530";"AT3G59150";"AT1G29330";NA;NA;NA;NA
"AT4G08500";"AT4G14970";"AT5G41612";NA;NA;NA;NA
"AT1G30420";"AT2G29750";"AT1G04280";NA;NA;NA;NA
"AT3G55960";"AT1G48315";"AT2G28315";NA;NA;NA;NA
"AT5G61210";"AT5G66130";"AT3G10310";NA;NA;NA;NA
"AT4G25390";"AT3G13910";"AT2G03240";NA;NA;NA;NA
"AT5G13200";"AT4G26140";"AT2G15680";NA;NA;NA;NA
"AT3G46080";"AT5G42460";"AT4G24340";NA;NA;NA;NA
"AT1G76040";"AT3G02160";"AT5G39380";NA;NA;NA;NA
"AT4G04510";"AT4G34400";"AT2G37100";NA;NA;NA;NA
"AT1G57630";"AT1G07350";"AT3G53670";NA;NA;NA;NA
"AT1G15520";"AT1G64080";"AT1G33811";NA;NA;NA;NA
"AT1G76980";"AT3G15300";"AT5G01900";NA;NA;NA;NA
"AT2G16900";"AT5G09590";"AT3G11600";NA;NA;NA;NA
"AT2G39518";"AT1G71690";"AT4G17970";NA;NA;NA;NA
"AT3G22890";"AT4G00760";"AT1G08920";NA;NA;NA;NA
"AT5G65920";"AT5G19880";"AT4G03460";NA;NA;NA;NA
"AT1G29340";"AT1G48605";"AT3G25880";NA;NA;NA;NA
"AT4G29740";"AT3G53600";"AT4G28380";NA;NA;NA;NA
"AT5G08790";"AT5G64800";"AT2G47270";NA;NA;NA;NA
"AT5G63490";"AT5G54140";"AT2G45290";NA;NA;NA;NA
"AT4G25900";"AT5G46960";"AT2G43620";NA;NA;NA;NA
"AT5G54720";"AT5G14760";"AT4G29020";NA;NA;NA;NA
"AT3G21650";"AT5G38212";"AT1G24095";NA;NA;NA;NA
"AT5G61560";"AT2G29065";"AT5G54510";NA;NA;NA;NA
"AT3G26840";"AT1G63245";"AT3G47830";NA;NA;NA;NA
"AT2G47130";"AT5G09290";"AT2G21187";NA;NA;NA;NA
"AT4G17250";"AT2G37890";"AT1G30730";NA;NA;NA;NA
"AT1G76070";"AT4G15165";"AT2G38310";NA;NA;NA;NA
"AT3G52400";"AT1G33475";"AT2G33585";NA;NA;NA;NA
"AT3G20410";"AT1G69430";"AT2G31980";NA;NA;NA;NA
"AT5G61900";"AT2G42480";"AT1G72670";NA;NA;NA;NA
"AT4G23200";"AT3G25597";"AT3G15540";NA;NA;NA;NA
"AT4G14370";"AT5G02320";"AT3G27200";NA;NA;NA;NA
"AT1G50740";"AT3G44730";"AT2G21350";NA;NA;NA;NA
"AT1G63350";"AT4G23550";"AT1G09794";NA;NA;NA;NA
"AT5G25930";"AT1G69790";"AT1G66400";NA;NA;NA;NA
"AT5G02780";"AT1G23850";"AT4G40070";NA;NA;NA;NA
"AT4G02200";"AT2G42650";"AT5G43620";NA;NA;NA;NA
"AT2G20142";"AT3G18260";"AT1G62320";NA;NA;NA;NA
"AT4G33920";"AT5G35580";"AT2G41905";NA;NA;NA;NA
"AT5G24590";"AT1G27720";"AT4G37010";NA;NA;NA;NA
"AT5G39785";"AT5G55560";"AT1G70130";NA;NA;NA;NA
"AT5G48560";"AT5G43155";"AT3G60961";NA;NA;NA;NA
"AT1G22400";"AT1G54215";"AT2G41800";NA;NA;NA;NA
"AT4G02380";"AT3G53232";"AT2G28500";NA;NA;NA;NA
"AT1G27770";"AT3G57700";"AT1G53880";NA;NA;NA;NA
"AT5G27760";"AT1G69210";"AT1G72600";NA;NA;NA;NA
"AT2G38470";"AT3G21530";"AT3G04630";NA;NA;NA;NA
"AT5G57150";"AT2G46150";"AT1G21910";NA;NA;NA;NA
"AT1G09940";"AT5G62430";"AT5G17680";NA;NA;NA;NA
"AT1G28370";"AT2G13275";"AT1G36732";NA;NA;NA;NA
"AT1G64710";"AT1G61415";"AT3G22450";NA;NA;NA;NA
"AT4G14365";"AT1G01695";"AT1G63310";NA;NA;NA;NA
"AT4G19520";"AT2G21550";"AT4G27852";NA;NA;NA;NA
"AT2G35980";"AT4G01895";"AT3G05390";NA;NA;NA;NA
"AT3G09032";"AT3G01760";"AT1G72840";NA;NA;NA;NA
"AT3G11840";"AT5G28630";"AT1G08290";NA;NA;NA;NA
"AT2G28400";"AT1G62935";"AT3G17110";NA;NA;NA;NA
"AT5G01640";"AT3G20180";"AT4G21440";NA;NA;NA;NA
"AT1G26380";"AT2G47560";"AT5G18065";NA;NA;NA;NA
"AT5G38210";"AT3G08990";"AT4G33925";NA;NA;NA;NA
"AT4G27280";"AT4G29850";"AT1G05100";NA;NA;NA;NA
"AT3G09020";"AT1G67070";"AT3G55370";NA;NA;NA;NA
"AT5G46520";"AT1G58300";"AT5G40690";NA;NA;NA;NA
"AT1G53430";"AT5G01040";"AT4G30370";NA;NA;NA;NA
"AT1G07520";"AT4G21410";"AT2G39110";NA;NA;NA;NA
"AT4G11280";"AT3G46230";"AT3G12710";NA;NA;NA;NA
"AT2G18680";"AT4G16920";"AT2G40750";NA;NA;NA;NA
"AT1G72950";"AT1G56470";"AT1G10520";NA;NA;NA;NA
"AT4G29440";"AT1G07128";"AT1G76560";NA;NA;NA;NA
"AT2G41100";"AT3G13900";"AT1G53060";NA;NA;NA;NA
"AT3G54100";"AT2G40180";"AT5G06300";NA;NA;NA;NA
"AT5G48380";"AT2G21910";"AT1G12790";NA;NA;NA;NA
"AT5G53130";"AT1G66780";"AT1G70000";NA;NA;NA;NA
"AT1G24145";"AT5G63300";"AT5G36000";NA;NA;NA;NA
"AT1G77890";"AT3G05550";"AT1G04310";NA;NA;NA;NA
"AT1G05675";"AT4G26200";"AT4G17000";NA;NA;NA;NA
"AT3G44400";"AT1G59740";"AT2G02310";NA;NA;NA;NA
"AT4G23210";"AT5G05240";"AT2G29640";NA;NA;NA;NA
"AT2G20010";"AT1G32950";"AT1G17640";NA;NA;NA;NA
"AT3G09010";"AT1G12320";"AT2G34790";NA;NA;NA;NA
"AT4G08555";"AT1G21390";"AT1G04800";NA;NA;NA;NA
"AT4G20780";"AT5G54700";"AT2G46780";NA;NA;NA;NA
"AT5G67080";"AT3G45410";"AT3G59900";NA;NA;NA;NA
"AT4G26990";"AT4G35590";"AT2G45570";NA;NA;NA;NA
"AT3G57880";"AT1G51920";"AT5G44980";NA;NA;NA;NA
"AT5G44585";"AT3G14700";NA;NA;NA;NA;NA
"AT1G11050";"AT1G52565";NA;NA;NA;NA;NA
"AT3G28930";"AT5G36907";NA;NA;NA;NA;NA
"AT4G04700";"AT5G18270";NA;NA;NA;NA;NA
"AT1G80840";"AT1G30070";NA;NA;NA;NA;NA
"AT1G14200";"AT3G63530";NA;NA;NA;NA;NA
"AT1G72520";"AT3G11640";NA;NA;NA;NA;NA
"AT2G18660";"AT1G70420";NA;NA;NA;NA;NA
"AT1G02170";"AT1G02390";NA;NA;NA;NA;NA
"AT4G37370";"AT5G38340";NA;NA;NA;NA;NA
"AT1G33600";"AT1G61820";NA;NA;NA;NA;NA
"AT5G66910";"AT1G48720";NA;NA;NA;NA;NA
"AT3G52800";"AT3G33189";NA;NA;NA;NA;NA
"AT2G15390";NA;NA;NA;NA;NA;NA
"AT2G21520";NA;NA;NA;NA;NA;NA
"AT5G12930";NA;NA;NA;NA;NA;NA
"AT1G15890";NA;NA;NA;NA;NA;NA
"AT3G10815";NA;NA;NA;NA;NA;NA
"AT4G34460";NA;NA;NA;NA;NA;NA
"AT1G21130";NA;NA;NA;NA;NA;NA
"AT5G26690";NA;NA;NA;NA;NA;NA
"AT5G18480";NA;NA;NA;NA;NA;NA
"AT3G48640";NA;NA;NA;NA;NA;NA
"AT5G57500";NA;NA;NA;NA;NA;NA
"AT3G21140";NA;NA;NA;NA;NA;NA
"AT1G61260";NA;NA;NA;NA;NA;NA
"AT2G17440";NA;NA;NA;NA;NA;NA
"AT5G48657";NA;NA;NA;NA;NA;NA
"AT4G33050";NA;NA;NA;NA;NA;NA
"AT3G25610";NA;NA;NA;NA;NA;NA
"AT2G30720";NA;NA;NA;NA;NA;NA
"AT5G57190";NA;NA;NA;NA;NA;NA
"AT3G26500";NA;NA;NA;NA;NA;NA
"AT1G19180";NA;NA;NA;NA;NA;NA
"AT3G08710";NA;NA;NA;NA;NA;NA
"AT3G58600";NA;NA;NA;NA;NA;NA
"AT3G60420";NA;NA;NA;NA;NA;NA
"AT5G05410";NA;NA;NA;NA;NA;NA
"AT1G28380";NA;NA;NA;NA;NA;NA
"AT5G52810";NA;NA;NA;NA;NA;NA
"AT4G30850";NA;NA;NA;NA;NA;NA
"AT3G01820";NA;NA;NA;NA;NA;NA
"AT4G05320";NA;NA;NA;NA;NA;NA
"AT4G33940";NA;NA;NA;NA;NA;NA
"AT3G46090";NA;NA;NA;NA;NA;NA
"AT1G61340";NA;NA;NA;NA;NA;NA
"AT3G23250";NA;NA;NA;NA;NA;NA
"AT5G25250";NA;NA;NA;NA;NA;NA
"AT3G13380";NA;NA;NA;NA;NA;NA
"AT4G25070";NA;NA;NA;NA;NA;NA
"AT5G58120";NA;NA;NA;NA;NA;NA
"AT1G57990";NA;NA;NA;NA;NA;NA
"AT4G35110";NA;NA;NA;NA;NA;NA
"AT2G25735";NA;NA;NA;NA;NA;NA
"AT5G03210";NA;NA;NA;NA;NA;NA
"AT5G11650";NA;NA;NA;NA;NA;NA
"AT1G24530";NA;NA;NA;NA;NA;NA
"AT4G11370";NA;NA;NA;NA;NA;NA
"AT2G14290";NA;NA;NA;NA;NA;NA
"AT2G17220";NA;NA;NA;NA;NA;NA
"AT5G04410";NA;NA;NA;NA;NA;NA
"AT5G51465";NA;NA;NA;NA;NA;NA
"AT1G18390";NA;NA;NA;NA;NA;NA
"AT2G36670";NA;NA;NA;NA;NA;NA
"AT5G12340";NA;NA;NA;NA;NA;NA
"AT5G15730";NA;NA;NA;NA;NA;NA
"AT4G01750";NA;NA;NA;NA;NA;NA
"AT1G13210";NA;NA;NA;NA;NA;NA
"AT5G59550";NA;NA;NA;NA;NA;NA
"AT2G06530";NA;NA;NA;NA;NA;NA
"AT2G30750";NA;NA;NA;NA;NA;NA
"AT5G65600";NA;NA;NA;NA;NA;NA
"AT1G79680";NA;NA;NA;NA;NA;NA
"AT1G67920";NA;NA;NA;NA;NA;NA
"AT1G56540";NA;NA;NA;NA;NA;NA
"AT1G65690";NA;NA;NA;NA;NA;NA
"AT1G44130";NA;NA;NA;NA;NA;NA
"AT2G13650";NA;NA;NA;NA;NA;NA
"AT5G14700";NA;NA;NA;NA;NA;NA
"AT5G16800";NA;NA;NA;NA;NA;NA
"AT1G61250";NA;NA;NA;NA;NA;NA
"AT3G19010";NA;NA;NA;NA;NA;NA
"AT5G41100";NA;NA;NA;NA;NA;NA
"AT2G26190";NA;NA;NA;NA;NA;NA
"AT1G49050";NA;NA;NA;NA;NA;NA
"AT1G74100";NA;NA;NA;NA;NA;NA
"AT2G47140";NA;NA;NA;NA;NA;NA
"AT1G51270";NA;NA;NA;NA;NA;NA
"AT3G21305";NA;NA;NA;NA;NA;NA
"AT1G14480";NA;NA;NA;NA;NA;NA
"AT1G68690";NA;NA;NA;NA;NA;NA
"AT2G24240";NA;NA;NA;NA;NA;NA
"AT2G23320";NA;NA;NA;NA;NA;NA
"AT4G22710";NA;NA;NA;NA;NA;NA
"AT4G23610";NA;NA;NA;NA;NA;NA
"AT5G11210";NA;NA;NA;NA;NA;NA
"AT5G44990";NA;NA;NA;NA;NA;NA
"AT4G11850";NA;NA;NA;NA;NA;NA
"AT1G30190";NA;NA;NA;NA;NA;NA
"AT1G21110";NA;NA;NA;NA;NA;NA
"AT5G36260";NA;NA;NA;NA;NA;NA
"AT1G31540";NA;NA;NA;NA;NA;NA
"AT5G48530";NA;NA;NA;NA;NA;NA
"AT1G74360";NA;NA;NA;NA;NA;NA
"AT1G25550";NA;NA;NA;NA;NA;NA
"AT4G40020";NA;NA;NA;NA;NA;NA
"AT1G21525";NA;NA;NA;NA;NA;NA
"AT5G02490";NA;NA;NA;NA;NA;NA
"AT3G63380";NA;NA;NA;NA;NA;NA
"AT3G12830";NA;NA;NA;NA;NA;NA
"AT4G39230";NA;NA;NA;NA;NA;NA
"AT1G17500";NA;NA;NA;NA;NA;NA
"AT4G21850";NA;NA;NA;NA;NA;NA
"AT3G22910";NA;NA;NA;NA;NA;NA
"AT1G02920";NA;NA;NA;NA;NA;NA
"AT2G04305";NA;NA;NA;NA;NA;NA
"AT2G13800";NA;NA;NA;NA;NA;NA
"AT4G29950";NA;NA;NA;NA;NA;NA
"AT3G13080";NA;NA;NA;NA;NA;NA
"AT4G14220";NA;NA;NA;NA;NA;NA
"AT3G07090";NA;NA;NA;NA;NA;NA
"AT5G04720";NA;NA;NA;NA;NA;NA
"AT5G04870";NA;NA;NA;NA;NA;NA
"AT4G39830";NA;NA;NA;NA;NA;NA
"AT2G16870";NA;NA;NA;NA;NA;NA
"AT1G73080";NA;NA;NA;NA;NA;NA
"AT3G50140";NA;NA;NA;NA;NA;NA
"AT4G12120";NA;NA;NA;NA;NA;NA
"AT3G05200";NA;NA;NA;NA;NA;NA
"AT1G17147";NA;NA;NA;NA;NA;NA
"AT3G22930";NA;NA;NA;NA;NA;NA
"AT1G17290";NA;NA;NA;NA;NA;NA
"AT4G17720";NA;NA;NA;NA;NA;NA
"AT1G33030";NA;NA;NA;NA;NA;NA
"AT3G28450";NA;NA;NA;NA;NA;NA
"AT1G05575";NA;NA;NA;NA;NA;NA
"AT3G18690";NA;NA;NA;NA;NA;NA
"AT3G22400";NA;NA;NA;NA;NA;NA
"AT1G67880";NA;NA;NA;NA;NA;NA
"AT3G25250";NA;NA;NA;NA;NA;NA
"AT5G10380";NA;NA;NA;NA;NA;NA
"AT1G17600";NA;NA;NA;NA;NA;NA
"AT4G22690";NA;NA;NA;NA;NA;NA
"AT4G23280";NA;NA;NA;NA;NA;NA
"AT1G61660";NA;NA;NA;NA;NA;NA
"AT3G44480";NA;NA;NA;NA;NA;NA
"AT5G54165";NA;NA;NA;NA;NA;NA
"AT4G30210";NA;NA;NA;NA;NA;NA
"AT3G48780";NA;NA;NA;NA;NA;NA
"AT1G74310";NA;NA;NA;NA;NA;NA
"AT2G01180";NA;NA;NA;NA;NA;NA
"AT3G02550";NA;NA;NA;NA;NA;NA
"AT4G03450";NA;NA;NA;NA;NA;NA
"AT5G41610";NA;NA;NA;NA;NA;NA
"AT5G66650";NA;NA;NA;NA;NA;NA
"AT5G25050";NA;NA;NA;NA;NA;NA
"AT3G21560";NA;NA;NA;NA;NA;NA
"AT5G47850";NA;NA;NA;NA;NA;NA
"AT5G62570";NA;NA;NA;NA;NA;NA
"AT2G35930";NA;NA;NA;NA;NA;NA
"AT5G42440";NA;NA;NA;NA;NA;NA
"AT1G12760";NA;NA;NA;NA;NA;NA
"AT4G08780";NA;NA;NA;NA;NA;NA
"AT1G75020";NA;NA;NA;NA;NA;NA
"AT3G48760";NA;NA;NA;NA;NA;NA
"AT1G10040";NA;NA;NA;NA;NA;NA
"AT3G44350";NA;NA;NA;NA;NA;NA
"AT2G01340";NA;NA;NA;NA;NA;NA
"AT3G16050";NA;NA;NA;NA;NA;NA
"AT3G46930";NA;NA;NA;NA;NA;NA
"AT3G60470";NA;NA;NA;NA;NA;NA
"AT5G05730";NA;NA;NA;NA;NA;NA
"AT5G62865";NA;NA;NA;NA;NA;NA
"AT5G04930";NA;NA;NA;NA;NA;NA
"AT1G26420";NA;NA;NA;NA;NA;NA
"AT1G73805";NA;NA;NA;NA;NA;NA
"AT1G56510";NA;NA;NA;NA;NA;NA
"AT4G26910";NA;NA;NA;NA;NA;NA
"AT4G33300";NA;NA;NA;NA;NA;NA
"AT5G57480";NA;NA;NA;NA;NA;NA
"AT1G76970";NA;NA;NA;NA;NA;NA
"AT3G51920";NA;NA;NA;NA;NA;NA
"AT3G09830";NA;NA;NA;NA;NA;NA
"AT5G42140";NA;NA;NA;NA;NA;NA
"AT4G23220";NA;NA;NA;NA;NA;NA
"AT1G55530";NA;NA;NA;NA;NA;NA
"AT3G14200";NA;NA;NA;NA;NA;NA
"AT5G18490";NA;NA;NA;NA;NA;NA
"AT3G04640";NA;NA;NA;NA;NA;NA
"AT2G39400";NA;NA;NA;NA;NA;NA
"AT3G09440";NA;NA;NA;NA;NA;NA
"AT2G13790";NA;NA;NA;NA;NA;NA
"AT1G76360";NA;NA;NA;NA;NA;NA
"AT5G66675";NA;NA;NA;NA;NA;NA
"AT5G11670";NA;NA;NA;NA;NA;NA
"AT3G22260";NA;NA;NA;NA;NA;NA
"AT4G16950";NA;NA;NA;NA;NA;NA
"AT4G23010";NA;NA;NA;NA;NA;NA
"AT5G46470";NA;NA;NA;NA;NA;NA
"AT1G22650";NA;NA;NA;NA;NA;NA
"AT2G17705";NA;NA;NA;NA;NA;NA
"AT2G41160";NA;NA;NA;NA;NA;NA
"AT2G30020";NA;NA;NA;NA;NA;NA
"AT1G30850";NA;NA;NA;NA;NA;NA
"AT1G61370";NA;NA;NA;NA;NA;NA
"AT3G26830";NA;NA;NA;NA;NA;NA
"AT1G29290";NA;NA;NA;NA;NA;NA
"AT5G59450";NA;NA;NA;NA;NA;NA
"AT4G21903";NA;NA;NA;NA;NA;NA
"AT1G69270";NA;NA;NA;NA;NA;NA
"AT1G22410";NA;NA;NA;NA;NA;NA
"AT2G02370";NA;NA;NA;NA;NA;NA
"AT1G61640";NA;NA;NA;NA;NA;NA
"AT5G46510";NA;NA;NA;NA;NA;NA
"AT1G15530";NA;NA;NA;NA;NA;NA
"AT1G25220";NA;NA;NA;NA;NA;NA
"AT2G38790";NA;NA;NA;NA;NA;NA
"AT3G50760";NA;NA;NA;NA;NA;NA
"AT1G10050";NA;NA;NA;NA;NA;NA
"AT1G17830";NA;NA;NA;NA;NA;NA
"AT5G54860";NA;NA;NA;NA;NA;NA
"AT3G56410";NA;NA;NA;NA;NA;NA
"AT1G32928";NA;NA;NA;NA;NA;NA
"AT5G11920";NA;NA;NA;NA;NA;NA
"AT3G16030";NA;NA;NA;NA;NA;NA
"AT3G09280";NA;NA;NA;NA;NA;NA
"AT2G32250";NA;NA;NA;NA;NA;NA
"AT2G26530";NA;NA;NA;NA;NA;NA
"AT5G47730";NA;NA;NA;NA;NA;NA
"AT4G17230";NA;NA;NA;NA;NA;NA
"AT1G59870";NA;NA;NA;NA;NA;NA
"AT4G23470";NA;NA;NA;NA;NA;NA
"AT1G33960";NA;NA;NA;NA;NA;NA
"AT4G27300";NA;NA;NA;NA;NA;NA
"AT3G16720";NA;NA;NA;NA;NA;NA
"AT1G54090";NA;NA;NA;NA;NA;NA
"AT2G44290";NA;NA;NA;NA;NA;NA
"AT3G02800";NA;NA;NA;NA;NA;NA
"AT5G47220";NA;NA;NA;NA;NA;NA
"AT1G16090";NA;NA;NA;NA;NA;NA
"AT2G38860";NA;NA;NA;NA;NA;NA
"AT5G08240";NA;NA;NA;NA;NA;NA
"AT3G24500";NA;NA;NA;NA;NA;NA
"AT3G26470";NA;NA;NA;NA;NA;NA
"AT3G55980";NA;NA;NA;NA;NA;NA
"AT3G55840";NA;NA;NA;NA;NA;NA
"AT1G55450";NA;NA;NA;NA;NA;NA
"AT3G47780";NA;NA;NA;NA;NA;NA
"AT3G01290";NA;NA;NA;NA;NA;NA
"AT5G53830";NA;NA;NA;NA;NA;NA
"AT4G13395";NA;NA;NA;NA;NA;NA
"AT2G26300";NA;NA;NA;NA;NA;NA
"AT3G49370";NA;NA;NA;NA;NA;NA
"AT1G22280";NA;NA;NA;NA;NA;NA
"AT3G04230";NA;NA;NA;NA;NA;NA
"AT2G38960";NA;NA;NA;NA;NA;NA
"AT3G29000";NA;NA;NA;NA;NA;NA
"AT2G03530";NA;NA;NA;NA;NA;NA
"AT1G51620";NA;NA;NA;NA;NA;NA
"AT4G34180";NA;NA;NA;NA;NA;NA
"AT5G02290";NA;NA;NA;NA;NA;NA
"AT3G07370";NA;NA;NA;NA;NA;NA
"AT3G58490";NA;NA;NA;NA;NA;NA
"AT5G43420";NA;NA;NA;NA;NA;NA
"AT1G12200";NA;NA;NA;NA;NA;NA
"AT2G31020";NA;NA;NA;NA;NA;NA
"AT2G20150";NA;NA;NA;NA;NA;NA
"AT3G22370";NA;NA;NA;NA;NA;NA
"AT4G22980";NA;NA;NA;NA;NA;NA
"AT2G44070";NA;NA;NA;NA;NA;NA
"AT2G41640";NA;NA;NA;NA;NA;NA
"AT5G24810";NA;NA;NA;NA;NA;NA
"AT1G74330";NA;NA;NA;NA;NA;NA
"AT4G11470";NA;NA;NA;NA;NA;NA
"AT1G78895";NA;NA;NA;NA;NA;NA
"AT3G26680";NA;NA;NA;NA;NA;NA
"AT5G25910";NA;NA;NA;NA;NA;NA
"AT4G16890";NA;NA;NA;NA;NA;NA
"AT5G54810";NA;NA;NA;NA;NA;NA
"AT1G70170";NA;NA;NA;NA;NA;NA
"AT1G12420";NA;NA;NA;NA;NA;NA
"AT1G78850";NA;NA;NA;NA;NA;NA
"AT2G02010";NA;NA;NA;NA;NA;NA
"AT5G48410";NA;NA;NA;NA;NA;NA
"AT5G01540";NA;NA;NA;NA;NA;NA
"AT3G45650";NA;NA;NA;NA;NA;NA
"AT1G76650";NA;NA;NA;NA;NA;NA
"AT3G28210";NA;NA;NA;NA;NA;NA
"AT3G66654";NA;NA;NA;NA;NA;NA
"AT1G22885";NA;NA;NA;NA;NA;NA
"AT5G65200";NA;NA;NA;NA;NA;NA
"AT3G49350";NA;NA;NA;NA;NA;NA
"AT1G10140";NA;NA;NA;NA;NA;NA
"AT1G19310";NA;NA;NA;NA;NA;NA
"AT5G62770";NA;NA;NA;NA;NA;NA
"AT3G57330";NA;NA;NA;NA;NA;NA
"AT2G02860";NA;NA;NA;NA;NA;NA
"AT2G23680";NA;NA;NA;NA;NA;NA
"AT1G04490";NA;NA;NA;NA;NA;NA
"AT5G66630";NA;NA;NA;NA;NA;NA
"AT4G37900";NA;NA;NA;NA;NA;NA
"AT3G05320";NA;NA;NA;NA;NA;NA
"AT5G64660";NA;NA;NA;NA;NA;NA
"AT1G56240";NA;NA;NA;NA;NA;NA
"AT4G18950";NA;NA;NA;NA;NA;NA
"AT1G21100";NA;NA;NA;NA;NA;NA
"AT3G10985";NA;NA;NA;NA;NA;NA
"AT4G00850";NA;NA;NA;NA;NA;NA
"AT1G52200";NA;NA;NA;NA;NA;NA
"AT3G13430";NA;NA;NA;NA;NA;NA
"AT1G16670";NA;NA;NA;NA;NA;NA
"AT3G51160";NA;NA;NA;NA;NA;NA
"AT3G17700";NA;NA;NA;NA;NA;NA
"AT5G10520";NA;NA;NA;NA;NA;NA
"AT3G60120";NA;NA;NA;NA;NA;NA
"AT5G64890";NA;NA;NA;NA;NA;NA
"AT2G29400";NA;NA;NA;NA;NA;NA
"AT2G32030";NA;NA;NA;NA;NA;NA
"AT4G28400";NA;NA;NA;NA;NA;NA
"AT3G51660";NA;NA;NA;NA;NA;NA
"AT1G32350";NA;NA;NA;NA;NA;NA
"AT3G22942";NA;NA;NA;NA;NA;NA
"AT3G11650";NA;NA;NA;NA;NA;NA
"AT4G11330";NA;NA;NA;NA;NA;NA
"AT5G44070";NA;NA;NA;NA;NA;NA
"AT2G38490";NA;NA;NA;NA;NA;NA
"AT5G46910";NA;NA;NA;NA;NA;NA
"AT3G07195";NA;NA;NA;NA;NA;NA
"AT5G52640";NA;NA;NA;NA;NA;NA
"AT4G17490";NA;NA;NA;NA;NA;NA
"AT1G76700";NA;NA;NA;NA;NA;NA
"AT1G09930";NA;NA;NA;NA;NA;NA
"AT4G28085";NA;NA;NA;NA;NA;NA
"AT3G63310";NA;NA;NA;NA;NA;NA
"AT5G58110";NA;NA;NA;NA;NA;NA
"AT1G33590";NA;NA;NA;NA;NA;NA
"AT4G34380";NA;NA;NA;NA;NA;NA
"AT5G64905";NA;NA;NA;NA;NA;NA
"AT1G27130";NA;NA;NA;NA;NA;NA
"AT3G50470";NA;NA;NA;NA;NA;NA
"AT3G23240";NA;NA;NA;NA;NA;NA
"AT5G01100";NA;NA;NA;NA;NA;NA
"AT5G66070";NA;NA;NA;NA;NA;NA
"AT1G08940";NA;NA;NA;NA;NA;NA
"AT4G19370";NA;NA;NA;NA;NA;NA
"AT3G57640";NA;NA;NA;NA;NA;NA
"AT3G50480";NA;NA;NA;NA;NA;NA
"AT1G68340";NA;NA;NA;NA;NA;NA
"AT1G61215";NA;NA;NA;NA;NA;NA
"AT1G43000";NA;NA;NA;NA;NA;NA
"AT1G62300";NA;NA;NA;NA;NA;NA
"AT4G27290";NA;NA;NA;NA;NA;NA
"AT5G11970";NA;NA;NA;NA;NA;NA
"AT2G02220";NA;NA;NA;NA;NA;NA
"AT2G19130";NA;NA;NA;NA;NA;NA
"AT2G26560";NA;NA;NA;NA;NA;NA
"AT5G19230";NA;NA;NA;NA;NA;NA
"AT3G21630";NA;NA;NA;NA;NA;NA
"AT2G17110";NA;NA;NA;NA;NA;NA
"AT3G19910";NA;NA;NA;NA;NA;NA
"AT1G15800";NA;NA;NA;NA;NA;NA
"AT1G13520";NA;NA;NA;NA;NA;NA
"AT5G01950";NA;NA;NA;NA;NA;NA
"AT1G27730";NA;NA;NA;NA;NA;NA
"AT5G09876";NA;NA;NA;NA;NA;NA
"AT5G37490";NA;NA;NA;NA;NA;NA
"AT4G29900";NA;NA;NA;NA;NA;NA
"AT2G41890";NA;NA;NA;NA;NA;NA
"AT3G54620";NA;NA;NA;NA;NA;NA
"AT1G04100";NA;NA;NA;NA;NA;NA
"AT1G51700";NA;NA;NA;NA;NA;NA
"AT1G28390";NA;NA;NA;NA;NA;NA
"AT4G24110";NA;NA;NA;NA;NA;NA
"AT1G61420";NA;NA;NA;NA;NA;NA
"AT4G00970";NA;NA;NA;NA;NA;NA
"AT2G29110";NA;NA;NA;NA;NA;NA
"AT2G20560";NA;NA;NA;NA;NA;NA
"AT5G66890";NA;NA;NA;NA;NA;NA
"AT1G22180";NA;NA;NA;NA;NA;NA
"AT2G15480";NA;NA;NA;NA;NA;NA
"AT3G21070";NA;NA;NA;NA;NA;NA
"AT2G23450";NA;NA;NA;NA;NA;NA
"AT1G62305";NA;NA;NA;NA;NA;NA
"AT2G48010";NA;NA;NA;NA;NA;NA
"AT2G44578";NA;NA;NA;NA;NA;NA
"AT3G11320";NA;NA;NA;NA;NA;NA
"AT5G55450";NA;NA;NA;NA;NA;NA
"AT4G04960";NA;NA;NA;NA;NA;NA
"AT4G24380";NA;NA;NA;NA;NA;NA
"AT2G31090";NA;NA;NA;NA;NA;NA
"AT3G08970";NA;NA;NA;NA;NA;NA
"AT5G61010";NA;NA;NA;NA;NA;NA
"AT1G71697";NA;NA;NA;NA;NA;NA
"AT1G34420";NA;NA;NA;NA;NA;NA
"AT5G57510";NA;NA;NA;NA;NA;NA
"AT4G23270";NA;NA;NA;NA;NA;NA
"AT1G30370";NA;NA;NA;NA;NA;NA
"AT2G18670";NA;NA;NA;NA;NA;NA
"AT3G15760";NA;NA;NA;NA;NA;NA
"AT2G25297";NA;NA;NA;NA;NA;NA
"AT1G22890";NA;NA;NA;NA;NA;NA
"AT5G56960";NA;NA;NA;NA;NA;NA
"AT5G18400";NA;NA;NA;NA;NA;NA
"AT1G69930";NA;NA;NA;NA;NA;NA
"AT4G10970";NA;NA;NA;NA;NA;NA
"AT3G10800";NA;NA;NA;NA;NA;NA
"AT4G28350";NA;NA;NA;NA;NA;NA
"AT3G02070";NA;NA;NA;NA;NA;NA
"AT4G22030";NA;NA;NA;NA;NA;NA
"AT2G17720";NA;NA;NA;NA;NA;NA
"AT4G26060";NA;NA;NA;NA;NA;NA
"AT4G08770";NA;NA;NA;NA;NA;NA
"AT5G61160";NA;NA;NA;NA;NA;NA
"AT4G00330";NA;NA;NA;NA;NA;NA
"AT5G57035";NA;NA;NA;NA;NA;NA
"AT1G62840";NA;NA;NA;NA;NA;NA
"AT5G57910";NA;NA;NA;NA;NA;NA
"AT1G02360";NA;NA;NA;NA;NA;NA
"AT3G57480";NA;NA;NA;NA;NA;NA
"AT3G61760";NA;NA;NA;NA;NA;NA
"AT3G47250";NA;NA;NA;NA;NA;NA
"AT5G40780";NA;NA;NA;NA;NA;NA
"AT1G67470";NA;NA;NA;NA;NA;NA
"AT5G17350";NA;NA;NA;NA;NA;NA
"AT4G40080";NA;NA;NA;NA;NA;NA
"AT3G19580";NA;NA;NA;NA;NA;NA
"AT5G09680";NA;NA;NA;NA;NA;NA
"AT1G56250";NA;NA;NA;NA;NA;NA
"AT3G12910";NA;NA;NA;NA;NA;NA
"AT4G24570";NA;NA;NA;NA;NA;NA
"AT2G29990";NA;NA;NA;NA;NA;NA
"AT1G03940";NA;NA;NA;NA;NA;NA
"AT3G15356";NA;NA;NA;NA;NA;NA
"AT5G01720";NA;NA;NA;NA;NA;NA
"AT3G25510";NA;NA;NA;NA;NA;NA
"AT3G43250";NA;NA;NA;NA;NA;NA
"AT4G31550";NA;NA;NA;NA;NA;NA
"AT2G37040";NA;NA;NA;NA;NA;NA
"AT3G05360";NA;NA;NA;NA;NA;NA
"AT1G07000";NA;NA;NA;NA;NA;NA
"AT2G19710";NA;NA;NA;NA;NA;NA
"AT1G09935";NA;NA;NA;NA;NA;NA
"AT3G07800";NA;NA;NA;NA;NA;NA
"AT5G03330";NA;NA;NA;NA;NA;NA
"AT1G02930";NA;NA;NA;NA;NA;NA
"AT2G44490";NA;NA;NA;NA;NA;NA
"AT1G22510";NA;NA;NA;NA;NA;NA
"AT5G13100";NA;NA;NA;NA;NA;NA
"AT4G29050";NA;NA;NA;NA;NA;NA
"AT1G47890";NA;NA;NA;NA;NA;NA
"AT5G45280";NA;NA;NA;NA;NA;NA
"AT2G45300";NA;NA;NA;NA;NA;NA
"AT1G03370";NA;NA;NA;NA;NA;NA
"AT4G36550";NA;NA;NA;NA;NA;NA
"AT1G32960";NA;NA;NA;NA;NA;NA
"AT2G44180";NA;NA;NA;NA;NA;NA
"AT2G29470";NA;NA;NA;NA;NA;NA
"AT2G38250";NA;NA;NA;NA;NA;NA
"AT2G20562";NA;NA;NA;NA;NA;NA
"AT5G67350";NA;NA;NA;NA;NA;NA
"AT2G32800";NA;NA;NA;NA;NA;NA
"AT2G44790";NA;NA;NA;NA;NA;NA
"AT5G25790";NA;NA;NA;NA;NA;NA
"AT1G68840";NA;NA;NA;NA;NA;NA
"AT4G30390";NA;NA;NA;NA;NA;NA
"AT2G41430";NA;NA;NA;NA;NA;NA
"AT4G01360";NA;NA;NA;NA;NA;NA
"AT5G36925";NA;NA;NA;NA;NA;NA
"AT5G54850";NA;NA;NA;NA;NA;NA
"AT5G40760";NA;NA;NA;NA;NA;NA
"AT1G18900";NA;NA;NA;NA;NA;NA
"AT5G38250";NA;NA;NA;NA;NA;NA
"AT2G33580";NA;NA;NA;NA;NA;NA
"AT2G04070";NA;NA;NA;NA;NA;NA
"AT1G51670";NA;NA;NA;NA;NA;NA
"AT2G19190";NA;NA;NA;NA;NA;NA
"AT1G03740";NA;NA;NA;NA;NA;NA
"AT2G27660";NA;NA;NA;NA;NA;NA
"AT3G44830";NA;NA;NA;NA;NA;NA
"AT5G24540";NA;NA;NA;NA;NA;NA
"AT1G66880";NA;NA;NA;NA;NA;NA
"AT4G11000";NA;NA;NA;NA;NA;NA
"AT5G17330";NA;NA;NA;NA;NA;NA
"AT1G65240";NA;NA;NA;NA;NA;NA
"AT5G48540";NA;NA;NA;NA;NA;NA
"AT1G59910";NA;NA;NA;NA;NA;NA
"AT3G09000";NA;NA;NA;NA;NA;NA
"AT3G62150";NA;NA;NA;NA;NA;NA
"AT5G04340";NA;NA;NA;NA;NA;NA
"AT3G23550";NA;NA;NA;NA;NA;NA
"AT5G47960";NA;NA;NA;NA;NA;NA
"AT5G66480";NA;NA;NA;NA;NA;NA
"AT3G14090";NA;NA;NA;NA;NA;NA
"AT3G49110";NA;NA;NA;NA;NA;NA
"AT1G72280";NA;NA;NA;NA;NA;NA
"AT4G18430";NA;NA;NA;NA;NA;NA
"AT2G27310";NA;NA;NA;NA;NA;NA
"AT5G55970";NA;NA;NA;NA;NA;NA
"AT1G20310";NA;NA;NA;NA;NA;NA
"AT4G03550";NA;NA;NA;NA;NA;NA
"AT1G63840";NA;NA;NA;NA;NA;NA
"AT3G26910";NA;NA;NA;NA;NA;NA
"AT1G59860";NA;NA;NA;NA;NA;NA
"AT3G56710";NA;NA;NA;NA;NA;NA
"AT2G37430";NA;NA;NA;NA;NA;NA
"AT2G24600";NA;NA;NA;NA;NA;NA
"AT5G56030";NA;NA;NA;NA;NA;NA
"AT5G55420";NA;NA;NA;NA;NA;NA
"AT1G67980";NA;NA;NA;NA;NA;NA
"AT5G03380";NA;NA;NA;NA;NA;NA
"AT3G19020";NA;NA;NA;NA;NA;NA
"AT1G73540";NA;NA;NA;NA;NA;NA
"AT2G40270";NA;NA;NA;NA;NA;NA
"AT1G19770";NA;NA;NA;NA;NA;NA
"AT3G25070";NA;NA;NA;NA;NA;NA
"AT4G02410";NA;NA;NA;NA;NA;NA
"AT1G69890";NA;NA;NA;NA;NA;NA
"AT4G30340";NA;NA;NA;NA;NA;NA
"AT3G63420";NA;NA;NA;NA;NA;NA
"AT2G41410";NA;NA;NA;NA;NA;NA
"AT2G32930";NA;NA;NA;NA;NA;NA
"AT2G16720";NA;NA;NA;NA;NA;NA
"AT2G22500";NA;NA;NA;NA;NA;NA
"AT3G12360";NA;NA;NA;NA;NA;NA
"AT1G26270";NA;NA;NA;NA;NA;NA
"AT4G10040";NA;NA;NA;NA;NA;NA
"AT1G06840";NA;NA;NA;NA;NA;NA
"AT2G19570";NA;NA;NA;NA;NA;NA
"AT2G38360";NA;NA;NA;NA;NA;NA
"AT3G45638";NA;NA;NA;NA;NA;NA
"AT3G59080";NA;NA;NA;NA;NA;NA
"AT2G31990";NA;NA;NA;NA;NA;NA
"AT1G31290";NA;NA;NA;NA;NA;NA
"AT4G13820";NA;NA;NA;NA;NA;NA
"AT5G25440";NA;NA;NA;NA;NA;NA
"AT1G70740";NA;NA;NA;NA;NA;NA
"AT3G16530";NA;NA;NA;NA;NA;NA
"AT1G01260";NA;NA;NA;NA;NA;NA
"AT4G11890";NA;NA;NA;NA;NA;NA
"AT1G51850";NA;NA;NA;NA;NA;NA
"AT1G20510";NA;NA;NA;NA;NA;NA
"AT3G22060";NA;NA;NA;NA;NA;NA
"AT1G07130";NA;NA;NA;NA;NA;NA
"AT1G26800";NA;NA;NA;NA;NA;NA
"AT1G22403";NA;NA;NA;NA;NA;NA
"AT4G22070";NA;NA;NA;NA;NA;NA
"AT1G32940";NA;NA;NA;NA;NA;NA
"AT3G63060";NA;NA;NA;NA;NA;NA
"AT5G09420";NA;NA;NA;NA;NA;NA
"AT2G36580";NA;NA;NA;NA;NA;NA
"AT2G44280";NA;NA;NA;NA;NA;NA
"AT3G04060";NA;NA;NA;NA;NA;NA
"AT2G44840";NA;NA;NA;NA;NA;NA
"AT1G31280";NA;NA;NA;NA;NA;NA
"AT1G07620";NA;NA;NA;NA;NA;NA
"AT4G01960";NA;NA;NA;NA;NA;NA
"AT1G17380";NA;NA;NA;NA;NA;NA
"AT1G19300";NA;NA;NA;NA;NA;NA
"AT2G15042";NA;NA;NA;NA;NA;NA
"AT2G18210";NA;NA;NA;NA;NA;NA
"AT1G61610";NA;NA;NA;NA;NA;NA
"AT5G08660";NA;NA;NA;NA;NA;NA
"AT1G30700";NA;NA;NA;NA;NA;NA
"AT1G75170";NA;NA;NA;NA;NA;NA
"AT5G44060";NA;NA;NA;NA;NA;NA
"AT2G23270";NA;NA;NA;NA;NA;NA
"AT1G31930";NA;NA;NA;NA;NA;NA
"AT5G44480";NA;NA;NA;NA;NA;NA
"AT2G21500";NA;NA;NA;NA;NA;NA
"AT5G60350";NA;NA;NA;NA;NA;NA
"AT3G62260";NA;NA;NA;NA;NA;NA
"AT3G61390";NA;NA;NA;NA;NA;NA
"AT5G13205";NA;NA;NA;NA;NA;NA
"AT5G39020";NA;NA;NA;NA;NA;NA
"AT1G59865";NA;NA;NA;NA;NA;NA
"AT3G44260";NA;NA;NA;NA;NA;NA
"AT2G30250";NA;NA;NA;NA;NA;NA
"AT2G17120";NA;NA;NA;NA;NA;NA
"AT2G32240";NA;NA;NA;NA;NA;NA
"AT4G32460";NA;NA;NA;NA;NA;NA
"AT1G08630";NA;NA;NA;NA;NA;NA
"AT5G13860";NA;NA;NA;NA;NA;NA
"AT5G62150";NA;NA;NA;NA;NA;NA
"AT2G20960";NA;NA;NA;NA;NA;NA
"AT2G47060";NA;NA;NA;NA;NA;NA
"AT5G45000";NA;NA;NA;NA;NA;NA
"AT4G31800";NA;NA;NA;NA;NA;NA
"AT1G74750";NA;NA;NA;NA;NA;NA
"AT5G61600";NA;NA;NA;NA;NA;NA
"AT1G66480";NA;NA;NA;NA;NA;NA
"AT1G61470";NA;NA;NA;NA;NA;NA
"AT5G61910";NA;NA;NA;NA;NA;NA
"AT5G64700";NA;NA;NA;NA;NA;NA
"AT1G01480";NA;NA;NA;NA;NA;NA
"AT1G51680";NA;NA;NA;NA;NA;NA
"AT1G57640";NA;NA;NA;NA;NA;NA
"AT3G08760";NA;NA;NA;NA;NA;NA
"AT4G23250";NA;NA;NA;NA;NA;NA
"AT1G54960";NA;NA;NA;NA;NA;NA
"AT1G14260";NA;NA;NA;NA;NA;NA
"AT4G23260";NA;NA;NA;NA;NA;NA
"AT5G58940";NA;NA;NA;NA;NA;NA
"AT5G49680";NA;NA;NA;NA;NA;NA
"AT3G46600";NA;NA;NA;NA;NA;NA
"AT1G76680";NA;NA;NA;NA;NA;NA
"AT5G56010";NA;NA;NA;NA;NA;NA
"AT2G33110";NA;NA;NA;NA;NA;NA
"AT3G57630";NA;NA;NA;NA;NA;NA
"AT3G21295";NA;NA;NA;NA;NA;NA
"AT2G40000";NA;NA;NA;NA;NA;NA
"AT5G38710";NA;NA;NA;NA;NA;NA
"AT2G26650";NA;NA;NA;NA;NA;NA
"AT3G47090";NA;NA;NA;NA;NA;NA
"AT1G03770";NA;NA;NA;NA;NA;NA
"AT1G25370";NA;NA;NA;NA;NA;NA
"AT1G49000";NA;NA;NA;NA;NA;NA
"AT4G21865";NA;NA;NA;NA;NA;NA
"AT5G49630";NA;NA;NA;NA;NA;NA
"AT4G21534";NA;NA;NA;NA;NA;NA
"AT5G62180";NA;NA;NA;NA;NA;NA
"AT1G61380";NA;NA;NA;NA;NA;NA
"AT3G07960";NA;NA;NA;NA;NA;NA
"AT3G23230";NA;NA;NA;NA;NA;NA
"AT1G66600";NA;NA;NA;NA;NA;NA
"AT1G05020";NA;NA;NA;NA;NA;NA
"AT2G44500";NA;NA;NA;NA;NA;NA
"AT5G05300";NA;NA;NA;NA;NA;NA
"AT4G01870";NA;NA;NA;NA;NA;NA
"AT2G28210";NA;NA;NA;NA;NA;NA
"AT1G16130";NA;NA;NA;NA;NA;NA
"AT5G38900";NA;NA;NA;NA;NA;NA
"AT5G37420";NA;NA;NA;NA;NA;NA
"AT5G23160";NA;NA;NA;NA;NA;NA
"AT1G77360";NA;NA;NA;NA;NA;NA
"AT1G48640";NA;NA;NA;NA;NA;NA
"AT4G36030";NA;NA;NA;NA;NA;NA
"AT1G66700";NA;NA;NA;NA;NA;NA
"AT1G07020";NA;NA;NA;NA;NA;NA
"AT4G17070";NA;NA;NA;NA;NA;NA
"AT1G14540";NA;NA;NA;NA;NA;NA
"AT2G22880";NA;NA;NA;NA;NA;NA
"AT4G21500";NA;NA;NA;NA;NA;NA
"AT4G37290";NA;NA;NA;NA;NA;NA
"AT4G13510";NA;NA;NA;NA;NA;NA
"AT4G35070";NA;NA;NA;NA;NA;NA
"AT2G37970";NA;NA;NA;NA;NA;NA
"AT3G09520";NA;NA;NA;NA;NA;NA
"AT2G42350";NA;NA;NA;NA;NA;NA
"AT4G35180";NA;NA;NA;NA;NA;NA
"AT3G50260";NA;NA;NA;NA;NA;NA
"AT4G14610";NA;NA;NA;NA;NA;NA
"AT3G52520";NA;NA;NA;NA;NA;NA
"AT5G05190";NA;NA;NA;NA;NA;NA
"AT3G46110";NA;NA;NA;NA;NA;NA
"AT1G05340";NA;NA;NA;NA;NA;NA
"AT3G54810";NA;NA;NA;NA;NA;NA
"AT3G05830";NA;NA;NA;NA;NA;NA
"AT1G67850";NA;NA;NA;NA;NA;NA
"AT1G51800";NA;NA;NA;NA;NA;NA
"AT1G23840";NA;NA;NA;NA;NA;NA
"AT1G10417";NA;NA;NA;NA;NA;NA
"AT4G24400";NA;NA;NA;NA;NA;NA
"AT3G15340";NA;NA;NA;NA;NA;NA
"AT4G05020";NA;NA;NA;NA;NA;NA
"AT4G20000";NA;NA;NA;NA;NA;NA
"AT1G80280";NA;NA;NA;NA;NA;NA
"AT3G05580";NA;NA;NA;NA;NA;NA
"AT2G18685";NA;NA;NA;NA;NA;NA
"AT1G69920";NA;NA;NA;NA;NA;NA
"AT5G13080";NA;NA;NA;NA;NA;NA
"AT3G62590";NA;NA;NA;NA;NA;NA
"AT5G52750";NA;NA;NA;NA;NA;NA
"AT4G37030";NA;NA;NA;NA;NA;NA
"AT5G46295";NA;NA;NA;NA;NA;NA
"AT1G47510";NA;NA;NA;NA;NA;NA
"AT2G17520";NA;NA;NA;NA;NA;NA
"AT1G32150";NA;NA;NA;NA;NA;NA
"AT3G51330";NA;NA;NA;NA;NA;NA
"AT3G15990";NA;NA;NA;NA;NA;NA
"AT5G15870";NA;NA;NA;NA;NA;NA
"AT1G11000";NA;NA;NA;NA;NA;NA
"AT1G68330";NA;NA;NA;NA;NA;NA
"AT5G46780";NA;NA;NA;NA;NA;NA
"AT3G05380";NA;NA;NA;NA;NA;NA
"AT4G39950";NA;NA;NA;NA;NA;NA
"AT5G20230";NA;NA;NA;NA;NA;NA
"AT5G52870";NA;NA;NA;NA;NA;NA
"AT3G11850";NA;NA;NA;NA;NA;NA
"AT2G21460";NA;NA;NA;NA;NA;NA
"AT4G03430";NA;NA;NA;NA;NA;NA
"AT5G41550";NA;NA;NA;NA;NA;NA
"AT1G68390";NA;NA;NA;NA;NA;NA
"AT2G34500";NA;NA;NA;NA;NA;NA
"AT1G03660";NA;NA;NA;NA;NA;NA
"AT4G33180";NA;NA;NA;NA;NA;NA
"AT1G66500";NA;NA;NA;NA;NA;NA
"AT3G20040";NA;NA;NA;NA;NA;NA
"AT3G14990";NA;NA;NA;NA;NA;NA
"AT1G67530";NA;NA;NA;NA;NA;NA
"AT2G39480";NA;NA;NA;NA;NA;NA
"AT5G50670";NA;NA;NA;NA;NA;NA
"AT2G28890";NA;NA;NA;NA;NA;NA
"AT1G34180";NA;NA;NA;NA;NA;NA
"AT2G30770";NA;NA;NA;NA;NA;NA
"AT5G41680";NA;NA;NA;NA;NA;NA
"AT5G24210";NA;NA;NA;NA;NA;NA
"AT5G01542";NA;NA;NA;NA;NA;NA
"AT3G10930";NA;NA;NA;NA;NA;NA
"AT2G21780";NA;NA;NA;NA;NA;NA
"AT2G35658";NA;NA;NA;NA;NA;NA
"AT2G42360";NA;NA;NA;NA;NA;NA
"AT3G12580";NA;NA;NA;NA;NA;NA
"AT5G07100";NA;NA;NA;NA;NA;NA
"AT2G35710";NA;NA;NA;NA;NA;NA
"AT1G61810";NA;NA;NA;NA;NA;NA
"AT1G53801";NA;NA;NA;NA;NA;NA
"AT3G26440";NA;NA;NA;NA;NA;NA
"AT5G59570";NA;NA;NA;NA;NA;NA
"AT1G07160";NA;NA;NA;NA;NA;NA
"AT5G51070";NA;NA;NA;NA;NA;NA
"AT1G34750";NA;NA;NA;NA;NA;NA
"AT5G64790";NA;NA;NA;NA;NA;NA
"AT1G61430";NA;NA;NA;NA;NA;NA
"AT5G51190";NA;NA;NA;NA;NA;NA
"AT5G65300";NA;NA;NA;NA;NA;NA
"AT5G03390";NA;NA;NA;NA;NA;NA
"AT2G20320";NA;NA;NA;NA;NA;NA
"AT2G25460";NA;NA;NA;NA;NA;NA
"AT5G19240";NA;NA;NA;NA;NA;NA
"AT3G09870";NA;NA;NA;NA;NA;NA
"AT2G03540";NA;NA;NA;NA;NA;NA
"AT5G27610";NA;NA;NA;NA;NA;NA
"AT1G17060";NA;NA;NA;NA;NA;NA
"AT1G63820";NA;NA;NA;NA;NA;NA
"AT1G09970";NA;NA;NA;NA;NA;NA
"AT3G47570";NA;NA;NA;NA;NA;NA
"AT5G50200";NA;NA;NA;NA;NA;NA
"AT3G60680";NA;NA;NA;NA;NA;NA
"AT5G49520";NA;NA;NA;NA;NA;NA
"AT3G50900";NA;NA;NA;NA;NA;NA
"AT1G69900";NA;NA;NA;NA;NA;NA
"AT4G38540";NA;NA;NA;NA;NA;NA
"AT3G01430";NA;NA;NA;NA;NA;NA
"AT1G35710";NA;NA;NA;NA;NA;NA
"AT2G15760";NA;NA;NA;NA;NA;NA
"AT2G33710";NA;NA;NA;NA;NA;NA
"AT5G63790";NA;NA;NA;NA;NA;NA
"AT5G51830";NA;NA;NA;NA;NA;NA
"AT5G56870";NA;NA;NA;NA;NA;NA
"AT1G17590";NA;NA;NA;NA;NA;NA
"AT1G25400";NA;NA;NA;NA;NA;NA
"AT4G31950";NA;NA;NA;NA;NA;NA
"AT1G03905";NA;NA;NA;NA;NA;NA
"AT1G79245";NA;NA;NA;NA;NA;NA
"AT5G23850";NA;NA;NA;NA;NA;NA
"AT2G43000";NA;NA;NA;NA;NA;NA
"AT4G28390";NA;NA;NA;NA;NA;NA
"AT4G17615";NA;NA;NA;NA;NA;NA
"AT1G51820";NA;NA;NA;NA;NA;NA
"AT1G71000";NA;NA;NA;NA;NA;NA
"AT4G15120";NA;NA;NA;NA;NA;NA
"AT4G18630";NA;NA;NA;NA;NA;NA
"AT4G16600";NA;NA;NA;NA;NA;NA
"AT3G23010";NA;NA;NA;NA;NA;NA
"AT5G18290";NA;NA;NA;NA;NA;NA
"AT3G11040";NA;NA;NA;NA;NA;NA
"AT3G29034";NA;NA;NA;NA;NA;NA
"AT5G63130";NA;NA;NA;NA;NA;NA
"AT1G26410";NA;NA;NA;NA;NA;NA
"AT3G49540";NA;NA;NA;NA;NA;NA
"AT4G15975";NA;NA;NA;NA;NA;NA
"AT3G48850";NA;NA;NA;NA;NA;NA
"AT3G23120";NA;NA;NA;NA;NA;NA
"AT4G31500";NA;NA;NA;NA;NA;NA
"AT4G25380";NA;NA;NA;NA;NA;NA
"AT5G38310";NA;NA;NA;NA;NA;NA
"AT4G08850";NA;NA;NA;NA;NA;NA
"AT3G01840";NA;NA;NA;NA;NA;NA
"AT1G51860";NA;NA;NA;NA;NA;NA
"AT2G39420";NA;NA;NA;NA;NA;NA
"AT4G18540";NA;NA;NA;NA;NA;NA
"AT2G31880";NA;NA;NA;NA;NA;NA
"AT5G20480";NA;NA;NA;NA;NA;NA
"AT4G17240";NA;NA;NA;NA;NA;NA
"AT3G54740";NA;NA;NA;NA;NA;NA
"AT2G32200";NA;NA;NA;NA;NA;NA
"AT1G47480";NA;NA;NA;NA;NA;NA
"AT5G65609";NA;NA;NA;NA;NA;NA
"AT2G32190";NA;NA;NA;NA;NA;NA
"AT1G36622";NA;NA;NA;NA;NA;NA
"AT4G10390";NA;NA;NA;NA;NA;NA
"AT4G01700";NA;NA;NA;NA;NA;NA
"AT3G53230";NA;NA;NA;NA;NA;NA
"AT2G15490";NA;NA;NA;NA;NA;NA
"AT2G28940";NA;NA;NA;NA;NA;NA
"AT3G56400";NA;NA;NA;NA;NA;NA
"AT1G13470";NA;NA;NA;NA;NA;NA
"AT1G65970";NA;NA;NA;NA;NA;NA
"AT5G66790";NA;NA;NA;NA;NA;NA
"AT1G67360";NA;NA;NA;NA;NA;NA
"AT4G30280";NA;NA;NA;NA;NA;NA
"AT5G25920";NA;NA;NA;NA;NA;NA
"AT5G45630";NA;NA;NA;NA;NA;NA
"AT2G26390";NA;NA;NA;NA;NA;NA
"AT3G26690";NA;NA;NA;NA;NA;NA
"AT1G50750";NA;NA;NA;NA;NA;NA
"AT5G51060";NA;NA;NA;NA;NA;NA
"AT5G01250";NA;NA;NA;NA;NA;NA
"AT1G51790";NA;NA;NA;NA;NA;NA
"AT1G23200";NA;NA;NA;NA;NA;NA
"AT4G30430";NA;NA;NA;NA;NA;NA
"AT1G53330";NA;NA;NA;NA;NA;NA
"AT5G40180";NA;NA;NA;NA;NA;NA
"AT1G55365";NA;NA;NA;NA;NA;NA
"AT2G02350";NA;NA;NA;NA;NA;NA
"AT3G19030";NA;NA;NA;NA;NA;NA
"AT5G57560";NA;NA;NA;NA;NA;NA
"AT3G09940";NA;NA;NA;NA;NA;NA
"AT3G25780";NA;NA;NA;NA;NA;NA
"AT5G50570";NA;NA;NA;NA;NA;NA
"AT1G16520";NA;NA;NA;NA;NA;NA
"AT1G71520";NA;NA;NA;NA;NA;NA
"AT2G29460";NA;NA;NA;NA;NA;NA
"AT3G50910";NA;NA;NA;NA;NA;NA
"AT2G36770";NA;NA;NA;NA;NA;NA
"AT5G22690";NA;NA;NA;NA;NA;NA
"AT5G56580";NA;NA;NA;NA;NA;NA
"AT5G57010";NA;NA;NA;NA;NA;NA
"AT2G37710";NA;NA;NA;NA;NA;NA
"AT3G50770";NA;NA;NA;NA;NA;NA
"AT5G01730";NA;NA;NA;NA;NA;NA
"AT1G68620";NA;NA;NA;NA;NA;NA
"AT3G49620";NA;NA;NA;NA;NA;NA
