"Clusters","Targets"
"1","AT5G16970"
"1","AT3G19680"
"1","AT4G01070"
"1","AT4G19230"
"1","AT1G05562"
"1","AT5G61820"
"1","AT5G61570"
"1","AT1G69870"
"1","AT5G15860"
"1","AT3G22200"
"1","AT1G05560"
"1","AT4G33950"
"1","AT1G21410"
"1","AT5G64430"
"1","AT4G03400"
"1","AT4G16765"
"1","AT5G27350"
"1","AT3G02875"
"1","AT1G27300"
"1","AT2G25625"
"1","AT3G14810"
"1","AT2G35940"
"1","AT4G16563"
"1","AT3G03470"
"1","AT1G69780"
"1","AT1G78230"
"1","AT5G53970"
"1","AT3G28200"
"1","AT2G17500"
"1","AT5G47560"
"1","AT3G51895"
"1","AT3G50650"
"1","AT1G73880"
"1","AT2G43820"
"1","AT4G37680"
"1","AT5G16120"
"1","AT5G60460"
"1","AT1G50260"
"1","AT5G61810"
"1","AT3G27960"
"1","AT1G76520"
"1","AT2G27510"
"1","AT5G15850"
"1","AT1G23800"
"1","AT1G14520"
"1","AT2G23130"
"1","AT1G70090"
"1","AT2G47770"
"1","AT4G20970"
"1","AT1G07040"
"1","AT1G01140"
"1","AT3G47960"
"1","AT1G48745"
"1","AT4G19420"
"1","AT3G11660"
"1","AT1G56010"
"1","AT4G16790"
"1","AT5G54300"
"1","AT4G23050"
"1","AT5G65380"
"1","AT3G48530"
"1","AT5G13740"
"1","AT4G15765"
"1","AT5G64230"
"1","AT4G02050"
"1","AT4G32250"
"1","AT1G02816"
"1","AT1G67195"
"1","AT3G48990"
"1","AT4G06744"
"1","AT1G62570"
"1","AT1G72790"
"1","AT5G14780"
"1","AT2G35070"
"1","AT2G30930"
"1","AT2G02710"
"1","AT1G53470"
"1","AT1G79520"
"1","AT3G61890"
"1","AT3G57520"
"1","AT2G45570"
"1","AT1G06760"
"1","AT2G43500"
"1","AT2G39980"
"1","AT5G65660"
"1","AT1G22570"
"1","AT5G64850"
"1","AT4G32800"
"1","AT2G34770"
"1","AT5G20110"
"1","AT2G47440"
"1","AT1G69480"
"1","AT5G48180"
"1","AT1G31820"
"1","AT1G21910"
"1","AT5G17860"
"1","AT2G28120"
"1","AT1G50040"
"1","AT2G35060"
"1","AT4G00430"
"1","AT3G28100"
"1","AT4G38810"
"1","AT5G58670"
"1","AT3G16800"
"1","AT1G07720"
"1","AT1G09180"
"1","AT5G08150"
"1","AT4G16670"
"1","AT5G65470"
"1","AT5G22860"
"1","AT1G09500"
"1","AT5G24030"
"1","AT3G48520"
"1","AT4G35060"
"1","AT1G26770"
"1","AT3G26290"
"1","AT5G14180"
"1","AT1G73480"
"1","AT2G28130"
"1","AT5G24140"
"1","AT1G54100"
"1","AT5G24120"
"1","AT5G15350"
"1","AT1G23040"
"1","AT5G37540"
"1","AT3G45970"
"1","AT3G05490"
"1","AT1G66570"
"1","AT1G29300"
"1","AT3G23920"
"1","AT2G34450"
"1","AT2G38640"
"1","AT1G10020"
"1","AT2G45210"
"1","AT5G17850"
"1","AT1G69260"
"1","AT2G36380"
"1","AT4G01140"
"1","AT1G21400"
"1","AT5G60860"
"1","AT1G48260"
"1","AT1G35140"
"1","AT1G76090"
"1","AT4G12080"
"1","AT3G11580"
"1","AT3G14680"
"1","AT2G37770"
"1","AT2G46680"
"1","AT1G29195"
"1","AT5G05440"
"1","AT3G04040"
"1","AT2G23150"
"1","AT1G75220"
"1","AT5G58650"
"1","AT1G70790"
"1","AT2G03980"
"1","AT4G39180"
"1","AT1G55330"
"1","AT1G13080"
"1","AT3G57010"
"1","AT1G71140"
"1","AT4G24000"
"1","AT5G53450"
"1","AT4G36900"
"1","AT1G79270"
"1","AT4G15550"
"1","AT3G46650"
"1","AT1G54120"
"1","AT2G33380"
"1","AT2G06255"
"1","AT3G05630"
"1","AT5G67620"
"1","AT1G02610"
"1","AT5G57550"
"1","AT5G13330"
"1","AT4G21680"
"1","AT5G49280"
"1","AT5G40450"
"1","AT5G15510"
"1","AT3G46668"
"1","AT3G61430"
"1","AT3G44320"
"1","AT4G33150"
"1","AT1G66760"
"1","AT5G64570"
"1","AT2G27080"
"1","AT5G52050"
"1","AT1G19960"
"1","AT2G41700"
"1","AT5G64410"
"1","AT1G24148"
"1","AT5G40240"
"1","AT2G38970"
"1","AT5G05220"
"1","AT2G04560"
"1","AT5G23760"
"1","AT2G25420"
"1","AT5G10946"
"2","AT1G75800"
"2","AT2G18160"
"2","AT1G29950"
"2","AT2G01570"
"2","AT3G02910"
"2","AT2G29970"
"2","AT1G55850"
"2","AT3G09770"
"2","AT4G40060"
"2","AT1G08880"
"2","AT1G20560"
"2","AT3G47620"
"2","AT1G16320"
"2","AT1G79410"
"2","AT3G46670"
"2","AT2G01850"
"2","AT3G05165"
"2","AT4G02630"
"2","AT2G23760"
"2","AT2G27820"
"2","AT1G49740"
"2","AT3G63210"
"2","AT5G54250"
"2","AT5G01260"
"2","AT1G12110"
"2","AT3G62630"
"2","AT2G31750"
"2","AT3G20300"
"2","AT1G30130"
"2","AT3G27020"
"2","AT2G28350"
"2","AT5G41400"
"2","AT1G07250"
"2","AT5G49665"
"2","AT3G16570"
"2","AT4G36870"
"2","AT3G52500"
"2","AT1G78450"
"2","AT5G60850"
"2","AT3G06590"
"2","AT5G67480"
"2","AT4G32290"
"2","AT5G53020"
"2","AT4G34920"
"2","AT5G44005"
"2","AT5G16730"
"2","AT4G00750"
"2","AT1G68670"
"2","AT1G21680"
"2","AT1G22500"
"2","AT3G04730"
"2","AT3G07460"
"2","AT5G24010"
"2","AT2G28550"
"2","AT3G03990"
"2","AT4G17090"
"2","AT5G53420"
"2","AT3G57400"
"2","AT4G35100"
"2","AT5G54240"
"2","AT5G52430"
"2","AT3G57800"
"2","AT4G30960"
"2","AT5G11060"
"2","AT5G15410"
"2","AT5G14390"
"2","AT1G30490"
"2","AT2G02080"
"2","AT5G64550"
"2","AT3G62660"
"2","AT1G22530"
"2","AT3G59940"
"2","AT2G04110"
"2","AT1G61740"
"2","AT1G46554"
"2","AT2G40460"
"2","AT5G65683"
"2","AT4G02130"
"2","AT4G21215"
"2","AT1G69160"
"2","AT5G43270"
"2","AT3G07360"
"2","AT1G47128"
"2","AT4G12300"
"2","AT3G14067"
"2","AT4G15490"
"2","AT1G70230"
"2","AT4G16141"
"2","AT4G16490"
"2","AT1G51140"
"2","AT3G60050"
"2","AT5G59960"
"2","AT1G78670"
"2","AT5G40380"
"2","AT3G19850"
"2","AT3G13040"
"2","AT5G19010"
"2","AT1G50460"
"2","AT5G09960"
"2","AT5G01520"
"2","AT2G16660"
"2","AT5G11070"
"2","AT2G32450"
"2","AT5G66052"
"2","AT3G52740"
"2","AT1G63670"
"2","AT2G25450"
"2","AT1G08760"
"2","AT4G37470"
"2","AT1G68520"
"2","AT3G54140"
"2","AT2G24762"
"2","AT2G31070"
"2","AT5G42750"
"2","AT1G33780"
"2","AT1G22350"
"2","AT3G63180"
"2","AT4G16690"
"2","AT5G64620"
"2","AT2G47160"
"2","AT1G66150"
"2","AT2G37580"
"2","AT1G11090"
"2","AT1G53510"
"2","AT1G22490"
"2","AT1G21980"
"2","AT1G18810"
"2","AT4G32190"
"2","AT5G40890"
"2","AT3G11690"
"2","AT1G26920"
"2","AT4G36830"
"2","AT3G45900"
"2","AT5G52280"
"2","AT3G10525"
"2","AT5G05870"
"2","AT2G34200"
"2","AT3G17860"
"2","AT3G06080"
"2","AT2G40350"
"2","AT5G25220"
"2","AT2G28720"
"2","AT2G17650"
"2","AT4G15630"
"2","AT1G30440"
"2","AT4G00440"
"2","AT5G43260"
"2","AT1G72150"
"2","AT3G08670"
"2","AT1G75760"
"2","AT4G12290"
"2","AT5G27670"
"2","AT1G68020"
"2","AT5G16630"
"2","AT5G44130"
"2","AT4G14620"
"2","AT2G43010"
"2","AT1G60260"
"2","AT3G18035"
"2","AT3G16560"
"2","AT2G33480"
"2","AT3G28130"
"2","AT5G65870"
"2","AT1G66350"
"2","AT3G50120"
"2","AT3G06125"
"2","AT5G01880"
"2","AT1G47970"
"2","AT3G49220"
"2","AT1G78070"
"2","AT4G13630"
"2","AT3G55610"
"2","AT2G17230"
"2","AT2G01870"
"2","AT5G11610"
"2","AT2G43540"
"2","AT5G52882"
"2","AT4G10060"
"2","AT1G75370"
"2","AT1G26208"
"2","AT5G53160"
"2","AT5G08130"
"2","AT1G76990"
"2","AT1G12780"
"2","AT3G20660"
"2","AT5G11890"
"2","AT2G17550"
"2","AT1G69370"
"2","AT3G27210"
"2","AT5G07860"
"2","AT5G57340"
"2","AT1G69252"
"2","AT5G25120"
"2","AT2G23340"
"2","AT5G67360"
"2","AT2G03330"
"2","AT2G42750"
"2","AT2G04240"
"2","AT1G51090"
"2","AT1G11440"
"2","AT2G48020"
"2","AT4G24210"
"2","AT2G03710"
"2","AT3G26280"
"2","AT1G76690"
"2","AT1G21830"
"2","AT3G62650"
"2","AT2G26680"
"2","AT1G06040"
"2","AT2G24220"
"2","AT1G60010"
"2","AT5G60890"
"2","AT3G26740"
"2","AT4G29905"
"2","AT3G52060"
"2","AT3G62550"
"2","AT5G25110"
"2","AT2G21970"
"2","AT5G14360"
"2","AT1G69760"
"2","AT1G27200"
"2","AT3G48310"
"2","AT1G10090"
"2","AT5G47020"
"2","AT1G74940"
"2","AT1G19850"
"2","AT2G19650"
"2","AT3G18040"
"2","AT3G55290"
"2","AT2G30520"
"2","AT3G44200"
"2","AT2G41705"
"2","AT3G61460"
"2","AT2G04890"
"2","AT1G75420"
"2","AT5G43630"
"2","AT1G59700"
"2","AT1G57590"
"2","AT4G20260"
"2","AT1G64330"
"2","AT2G30600"
"2","AT3G07310"
"2","AT4G34000"
"2","AT2G27228"
"2","AT3G21755"
"2","AT3G11700"
"2","AT4G35750"
"2","AT1G51440"
"2","AT5G03520"
"2","AT2G28510"
"2","AT2G20724"
"2","AT3G52920"
"2","AT5G23955"
"2","AT1G35560"
"2","AT1G45165"
"2","AT4G31930"
"2","AT2G25640"
"2","AT4G34138"
"2","AT5G20670"
"2","AT3G58620"
"2","AT4G16370"
"2","AT4G35320"
"2","AT3G57930"
"2","AT3G46130"
"2","AT3G61590"
"2","AT5G17600"
"2","AT4G23440"
"2","AT3G21670"
"2","AT3G25717"
"2","AT3G21750"
"2","AT5G06690"
"2","AT1G18330"
"2","AT2G15970"
"2","AT4G00710"
"2","AT1G46768"
"2","AT2G42320"
"2","AT2G35470"
"2","AT3G61420"
"2","AT3G06520"
"2","AT2G30620"
"2","AT1G30330"
"2","AT4G33625"
"2","AT1G69295"
"2","AT4G02820"
"2","AT1G55260"
"2","AT5G21482"
"2","AT1G27050"
"2","AT2G26690"
"2","AT4G31820"
"2","AT5G67160"
"2","AT5G43860"
"2","AT4G22540"
"2","AT5G13710"
"2","AT3G27870"
"2","AT1G07090"
"2","AT5G03200"
"2","AT3G58790"
"2","AT1G74840"
"2","AT5G03140"
"2","AT1G68600"
"2","AT3G26165"
"2","AT1G70290"
"2","AT2G23910"
"2","AT5G03120"
"2","AT4G27520"
"2","AT3G14000"
"2","AT1G53870"
"2","AT5G47370"
"2","AT1G11150"
"2","AT2G40640"
"2","AT5G25210"
"2","AT5G26230"
"2","AT2G39920"
"2","AT5G23750"
"2","AT4G38050"
"2","AT2G34010"
"2","AT3G20270"
"2","AT2G40435"
"2","AT4G23060"
"2","AT3G02570"
"2","AT5G10150"
"2","AT4G27870"
"2","AT1G75100"
"2","AT3G50840"
"2","AT4G25433"
"2","AT1G73790"
"2","AT3G12320"
"2","AT2G39020"
"2","AT1G08230"
"2","AT1G12450"
"2","AT3G14770"
"2","AT3G61490"
"2","AT1G76160"
"2","AT3G18490"
"2","AT4G17550"
"2","AT1G21790"
"2","AT1G50420"
"2","AT3G14310"
"2","AT4G35780"
"2","AT1G70640"
"2","AT2G45960"
"2","AT2G15960"
"2","AT5G62130"
"2","AT2G18890"
"2","AT4G39090"
"2","AT5G16560"
"2","AT1G04770"
"2","AT5G51670"
"2","AT4G25620"
"2","AT5G50950"
"2","AT3G16180"
"2","AT5G66080"
"2","AT1G11175"
"2","AT2G42580"
"2","AT2G45180"
"2","AT5G03230"
"2","AT3G05675"
"2","AT4G34750"
"2","AT1G60140"
"2","AT1G17940"
"2","AT1G73750"
"2","AT1G30360"
"2","AT1G73920"
"2","AT1G75770"
"2","AT1G53885"
"2","AT2G39705"
"2","AT1G22380"
"2","AT5G61290"
"2","AT5G62100"
"2","AT3G53420"
"2","AT1G06645"
"2","AT1G01620"
"2","AT1G02350"
"2","AT4G17870"
"2","AT1G50055"
"2","AT2G45720"
"2","AT3G50750"
"2","AT5G27320"
"2","AT5G65640"
"2","AT1G53035"
"2","AT3G45230"
"2","AT4G29310"
"2","AT3G55120"
"2","AT5G05690"
"2","AT3G52072"
"2","AT1G75310"
"2","AT1G49990"
"2","AT4G37310"
"2","AT3G26520"
"2","AT3G11410"
"2","AT1G25425"
"2","AT4G29190"
"2","AT5G01595"
"2","AT3G57040"
"2","AT1G75380"
"2","AT3G05640"
"2","AT5G46640"
"2","AT1G20190"
"2","AT2G17450"
"2","AT4G24010"
"2","AT4G36450"
"2","AT1G78260"
"2","AT5G23870"
"2","AT2G15890"
"2","AT3G19100"
"2","AT4G36032"
"2","AT2G23430"
"2","AT1G21460"
"2","AT2G37170"
"2","AT1G26210"
"2","AT4G15620"
"2","AT1G80970"
"2","AT4G14930"
"2","AT5G20250"
"2","AT1G48300"
"2","AT2G22821"
"2","AT3G24520"
"2","AT2G45590"
"2","AT5G15010"
"2","AT2G25964"
"2","AT1G23870"
"2","AT4G35560"
"2","AT1G05690"
"2","AT1G12240"
"2","AT4G15440"
"2","AT5G06980"
"2","AT1G01780"
"2","AT5G52310"
"2","AT1G76820"
"2","AT4G17180"
"2","AT3G02990"
"2","AT2G18560"
"2","AT5G56160"
"2","AT5G05130"
"2","AT5G17460"
"2","AT5G06870"
"2","AT1G21260"
"2","AT4G21760"
"2","AT4G12730"
"2","AT2G36830"
"2","AT5G17490"
"2","AT1G68360"
"2","AT1G01030"
"2","AT5G19200"
"2","AT5G43210"
"2","AT4G04840"
"2","AT2G23560"
"2","AT1G63420"
"2","AT2G38400"
"2","AT3G05430"
"2","AT1G19000"
"2","AT4G22730"
"2","AT4G14750"
"2","AT4G23400"
"2","AT1G12700"
"2","AT5G45940"
"2","AT3G21360"
"2","AT1G33480"
"2","AT5G53880"
"2","AT2G16750"
"2","AT3G09035"
"2","AT3G20100"
"2","AT1G14340"
"2","AT1G34640"
"2","AT1G76955"
"2","AT5G14410"
"2","AT4G04630"
"2","AT2G44850"
"2","AT1G64180"
"2","AT1G56720"
"2","AT5G06510"
"2","AT5G23980"
"2","AT5G02230"
"2","AT1G08570"
"2","AT1G19660"
"2","AT1G28660"
"2","AT2G22970"
"2","AT1G22160"
"2","AT3G02020"
"2","AT4G00950"
"2","AT4G08790"
"2","AT4G17350"
"2","AT3G05936"
"2","AT3G29647"
"2","AT2G42610"
"2","AT2G45350"
"2","AT5G10930"
"2","AT1G26220"
"2","AT5G09670"
"2","AT1G19340"
"2","AT4G00870"
"2","AT3G50560"
"2","AT4G16515"
"2","AT1G22740"
"2","AT2G33830"
"2","AT2G44740"
"2","AT1G13145"
"2","AT3G49930"
"2","AT5G54585"
"2","AT2G36080"
"2","AT3G28290"
"2","AT1G35612"
"2","AT3G10450"
"2","AT3G21260"
"2","AT5G42200"
"2","AT4G26288"
"2","AT2G42247"
"2","AT5G07720"
"2","AT2G26710"
"2","AT5G25240"
"2","AT5G65925"
"2","AT2G22840"
"2","AT1G07440"
"2","AT5G23240"
"2","AT3G19800"
"2","AT1G52870"
"2","AT3G26180"
"2","AT1G68490"
"2","AT5G08010"
"2","AT1G15490"
"2","AT3G47600"
"2","AT2G16365"
"2","AT2G32290"
"2","AT4G15540"
"2","AT2G35660"
"2","AT3G48720"
"2","AT5G47620"
"2","AT2G42620"
"2","AT1G49750"
"2","AT4G38470"
"2","AT3G30300"
"2","AT4G16190"
"2","AT5G48460"
"2","AT4G13810"
"2","AT1G51500"
"2","AT5G57887"
"2","AT3G62010"
"2","AT3G15380"
"2","AT4G18390"
"2","AT1G12820"
"2","AT1G75500"
"2","AT3G16520"
"2","AT1G62330"
"2","AT1G51940"
"2","AT5G63410"
"2","AT1G67510"
"2","AT3G61150"
"2","AT1G66890"
"2","AT3G05910"
"2","AT5G38980"
"2","AT2G33855"
"2","AT5G65740"
"2","AT5G63800"
"2","AT4G10770"
"2","AT5G14120"
"2","AT3G59580"
"2","AT4G09760"
"2","AT3G59250"
"2","AT1G80850"
"2","AT5G15050"
"2","AT5G14940"
"2","AT2G23610"
"2","AT5G27300"
"2","AT5G42825"
"2","AT5G18650"
"2","AT2G32400"
"2","AT3G22380"
"2","AT5G53730"
"2","AT2G39240"
"2","AT2G42300"
"2","AT2G23180"
"2","AT5G49945"
"2","AT2G19280"
"2","AT3G45430"
"2","AT1G01610"
"2","AT2G03350"
"2","AT5G44020"
"2","AT5G49215"
"2","AT3G05345"
"2","AT5G57800"
"2","AT1G52880"
"2","AT3G29631"
"2","AT4G31650"
"2","AT1G64640"
"2","AT1G71528"
"2","AT1G53025"
"2","AT4G38850"
"2","AT3G10040"
"2","AT3G05160"
"2","AT5G18020"
"2","AT5G13460"
"2","AT1G68585"
"2","AT5G65730"
"2","AT5G02940"
"2","AT2G04850"
"2","AT5G63470"
"2","AT4G24120"
"2","AT1G20550"
"2","AT5G09443"
"2","AT5G05840"
"2","AT5G59920"
"2","AT5G14280"
"2","AT5G53486"
"2","AT5G63930"
"2","AT4G21890"
"2","AT3G58980"
"2","AT1G10160"
"2","AT1G07380"
"2","AT4G14560"
"2","AT3G27420"
"2","AT5G18245"
"2","AT1G56220"
"2","AT1G28230"
"2","AT5G01770"
"2","AT4G37380"
"2","AT3G54400"
"2","AT1G25530"
"2","AT1G13920"
"2","AT4G07400"
"2","AT2G37130"
"2","AT5G54145"
"2","AT4G23790"
"2","AT4G21910"
"2","AT3G18070"
"2","AT4G01030"
"2","AT5G61590"
"2","AT1G71970"
"2","AT2G27400"
"2","AT4G04293"
"2","AT3G14450"
"2","AT2G41080"
"2","AT1G31350"
"2","AT1G53887"
"2","AT5G28010"
"2","AT2G28105"
"2","AT2G31560"
"2","AT3G50740"
"2","AT4G01080"
"2","AT2G25790"
"2","AT1G18320"
"2","AT5G24105"
"2","AT1G19220"
"2","AT5G03780"
"2","AT5G25130"
"2","AT3G46580"
"2","AT2G24190"
"2","AT2G33051"
"2","AT2G20340"
"2","AT5G41761"
"2","AT2G41210"
"2","AT1G02060"
"2","AT1G01580"
"2","AT1G62180"
"2","AT2G30790"
"2","AT4G04360"
"2","AT1G74290"
"2","AT2G22990"
"2","AT2G34150"
"2","AT1G77990"
"2","AT2G37950"
"2","AT1G17920"
"2","AT5G39860"
"2","AT5G13870"
"2","AT5G10570"
"2","AT5G19190"
"2","AT1G15830"
"2","AT1G69310"
"2","AT4G31150"
"2","AT5G02760"
"2","AT3G61880"
"2","AT3G43790"
"2","AT1G27360"
"2","AT3G46990"
"2","AT5G12050"
"2","AT1G57790"
"2","AT3G26750"
"2","AT3G23870"
"2","AT3G43670"
"2","AT3G48187"
"2","AT2G22122"
"2","AT1G63480"
"2","AT4G23770"
"2","AT5G59900"
"2","AT1G56430"
"2","AT5G25995"
"2","AT5G23210"
"2","AT3G62540"
"2","AT4G16400"
"2","AT1G09240"
"2","AT5G48320"
"2","AT1G70700"
"2","AT2G17525"
"2","AT4G20140"
"2","AT1G73590"
"2","AT4G01510"
"2","AT1G24470"
"2","AT3G24480"
"2","AT5G10970"
"2","AT1G49130"
"3","AT3G22910"
"3","AT4G24380"
"3","AT3G63060"
"3","AT2G04780"
"3","AT3G50260"
"3","AT1G05340"
"3","AT3G62590"
"3","AT5G50670"
"3","AT5G65300"
"3","AT2G29730"
"3","AT5G49110"
"3","AT2G32190"
"3","AT5G08610"
"3","AT4G30280"
"3","AT5G45630"
"3","AT5G51060"
"3","AT2G28760"
"3","AT1G23200"
"3","AT4G30430"
"3","AT5G47380"
"3","AT4G36950"
"3","AT5G57560"
"3","AT5G44635"
"3","AT2G29460"
"3","AT4G08210"
"3","AT4G39010"
"3","AT4G25692"
"3","AT5G66300"
"3","AT2G36770"
"3","AT3G54160"
"3","AT5G01050"
"3","AT1G04920"
"3","AT5G03260"
"3","AT5G52910"
"3","AT2G44580"
"3","AT3G45410"
"3","AT3G47050"
"3","AT1G52565"
"3","AT3G47840"
"3","AT1G72250"
"3","AT3G63530"
"3","AT3G23740"
"3","AT1G68620"
"3","AT4G31840"
"3","AT5G17380"
"3","AT3G16860"
"3","AT5G64310"
"3","AT2G32210"
"3","AT3G21690"
"3","AT5G54840"
"3","AT4G20860"
"3","AT1G18210"
"3","AT5G26340"
"3","AT3G15500"
"3","AT1G33110"
"3","AT1G55920"
"3","AT1G66160"
"3","AT3G55430"
"3","AT1G09070"
"3","AT4G13180"
"3","AT1G80300"
"3","AT2G27500"
"3","AT4G25810"
"3","AT3G24550"
"3","AT2G18193"
"3","AT5G39050"
"3","AT5G09470"
"3","AT2G30140"
"3","AT3G44190"
"3","AT3G56880"
"3","AT1G17745"
"3","AT1G70140"
"3","AT4G10960"
"3","AT2G22470"
"3","AT3G01970"
"3","AT5G03610"
"3","AT1G77760"
"3","AT4G02940"
"3","AT4G27350"
"3","AT5G58350"
"3","AT2G47800"
"3","AT4G34050"
"3","AT1G09575"
"3","AT1G69750"
"3","AT4G34710"
"3","AT4G09030"
"3","AT5G53588"
"3","AT4G37530"
"3","AT1G25560"
"3","AT5G27520"
"3","AT3G11420"
"3","AT3G01650"
"3","AT1G02660"
"3","AT4G20320"
"3","AT3G20600"
"3","AT1G68410"
"3","AT2G30360"
"3","AT1G02400"
"3","AT2G03760"
"3","AT1G76210"
"3","AT3G45060"
"3","AT3G25180"
"3","AT1G58340"
"3","AT5G60630"
"3","AT5G49480"
"3","AT2G27690"
"3","AT5G13110"
"3","AT5G01380"
"3","AT3G57760"
"3","AT3G59350"
"3","AT5G13490"
"3","AT4G35770"
"3","AT1G61120"
"3","AT2G47950"
"3","AT5G64120"
"3","AT5G60270"
"3","AT1G01720"
"3","AT1G65520"
"3","AT1G16300"
"3","AT5G57050"
"3","AT1G73010"
"3","AT4G36040"
"3","AT5G14640"
"3","AT4G31000"
"3","AT3G21240"
"3","AT5G13220"
"3","AT5G13820"
"3","AT1G15110"
"3","AT1G76470"
"3","AT5G28237"
"3","AT4G08040"
"3","AT5G12880"
"3","AT4G13340"
"3","AT1G20350"
"3","AT1G15415"
"3","AT3G62160"
"3","AT5G64260"
"3","AT2G24550"
"3","AT3G25400"
"3","AT3G52450"
"3","AT3G15680"
"3","AT4G30090"
"3","AT5G59490"
"3","AT4G05010"
"3","ATCG00190"
"3","AT3G18560"
"3","AT2G35000"
"3","AT2G04040"
"3","AT1G15670"
"3","AT5G48060"
"3","AT5G47200"
"3","AT3G02880"
"3","AT2G40890"
"3","AT1G20090"
"3","AT4G19140"
"3","AT3G05500"
"3","AT1G66580"
"3","AT5G52210"
"3","AT5G61390"
"3","AT5G16200"
"3","AT3G06850"
"3","AT1G62480"
"3","AT1G15010"
"3","AT5G01820"
"3","AT5G60230"
"3","AT5G63905"
"3","AT5G54160"
"3","AT3G06760"
"3","AT1G52760"
"3","AT5G56970"
"3","AT2G39350"
"3","AT2G17480"
"3","AT3G28180"
"3","AT4G26080"
"3","AT2G31730"
"3","AT5G39580"
"3","AT4G16500"
"3","AT1G32870"
"3","AT4G08930"
"3","AT3G09910"
"3","AT4G22320"
"3","AT3G61580"
"3","AT3G51990"
"3","AT5G10400"
"3","AT1G72210"
"3","AT5G23130"
"3","AT1G05710"
"3","AT4G09420"
"3","AT2G38870"
"3","AT5G60790"
"3","AT3G12510"
"3","AT1G74790"
"3","AT4G15150"
"3","AT3G02555"
"3","AT3G10340"
"3","AT4G08950"
"3","AT5G40540"
"3","AT3G46385"
"3","AT1G76610"
"3","AT5G59220"
"3","AT1G74030"
"3","AT2G30395"
"3","AT1G76705"
"3","AT4G18170"
"3","AT1G43886"
"3","AT1G52690"
"3","AT4G30270"
"3","AT5G51460"
"3","AT3G18170"
"3","AT4G13320"
"3","AT1G68250"
"3","AT2G17740"
"3","AT2G28110"
"3","AT1G01010"
"3","AT1G65390"
"3","AT3G60550"
"3","AT2G30540"
"3","AT4G35655"
"3","AT5G66440"
"3","AT4G33420"
"3","AT5G16080"
"3","AT1G79220"
"3","AT1G77390"
"3","AT5G24920"
"3","AT1G29330"
"3","AT2G28315"
"3","AT2G03240"
"3","AT2G15680"
"3","AT5G39380"
"3","AT2G37100"
"3","AT1G33811"
"3","AT3G11600"
"3","AT4G17970"
"3","AT3G25880"
"3","AT2G45290"
"3","AT2G43620"
"3","AT4G29020"
"3","AT5G54510"
"3","AT3G47830"
"3","AT2G21187"
"3","AT1G30730"
"3","AT2G31980"
"3","AT3G15540"
"3","AT3G27200"
"3","AT1G09794"
"3","AT1G66400"
"3","AT4G40070"
"3","AT5G43620"
"3","AT1G62320"
"3","AT2G41905"
"3","AT1G70130"
"3","AT2G41800"
"3","AT1G53880"
"3","AT1G72600"
"3","AT3G04630"
"3","AT1G36732"
"3","AT3G22450"
"3","AT1G63310"
"3","AT4G27852"
"3","AT1G08290"
"3","AT3G17110"
"3","AT4G21440"
"3","AT5G18065"
"3","AT1G05100"
"3","AT2G39110"
"3","AT3G12710"
"3","AT1G10520"
"3","AT1G76560"
"3","AT1G53060"
"3","AT5G06300"
"3","AT1G12790"
"3","AT1G70000"
"3","AT1G04310"
"3","AT4G17000"
"3","AT1G17640"
"3","AT2G34790"
"3","AT1G04800"
"3","AT2G46780"
"4","AT3G53700"
"4","AT5G56040"
"4","AT2G02070"
"4","AT1G63680"
"4","AT5G65990"
"4","AT3G06570"
"4","AT1G78100"
"4","AT1G64900"
"4","AT5G02860"
"4","AT3G28920"
"4","AT1G50280"
"4","AT4G00150"
"4","AT3G62980"
"4","AT4G12310"
"4","AT1G14280"
"4","AT4G32980"
"4","AT3G11590"
"4","AT4G22990"
"4","AT1G69440"
"4","AT1G07280"
"4","AT5G18680"
"4","AT2G45340"
"4","AT3G20680"
"4","AT2G41940"
"4","AT3G01660"
"4","AT1G79110"
"4","AT1G49660"
"4","AT5G50450"
"4","AT3G59110"
"4","AT1G28670"
"4","AT2G44830"
"4","AT5G63780"
"4","AT5G23280"
"4","AT4G14760"
"4","AT1G73660"
"4","AT3G57190"
"4","AT1G15260"
"4","AT5G44190"
"4","AT4G27900"
"4","AT4G37330"
"4","AT3G21760"
"4","AT3G60320"
"4","AT2G35960"
"4","AT5G10020"
"4","AT2G16800"
"4","AT1G65320"
"4","AT3G06410"
"4","AT3G22968"
"4","AT5G42100"
"4","AT1G12500"
"4","AT5G23920"
"4","AT5G12260"
"4","AT4G17880"
"4","AT5G67385"
"4","AT4G34950"
"4","AT1G62960"
"4","AT4G27820"
"4","AT5G62140"
"4","AT5G44410"
"4","AT1G14920"
"4","AT4G09890"
"4","AT5G67570"
"4","AT3G51420"
"4","AT2G26110"
"4","AT2G16640"
"4","AT5G37680"
"4","AT1G66840"
"4","AT4G22200"
"4","AT1G79030"
"4","AT1G27190"
"4","AT4G36380"
"4","AT3G56080"
"4","AT2G19860"
"4","AT1G51570"
"4","AT5G13730"
"4","AT3G05120"
"4","AT1G70100"
"4","AT1G18000"
"4","AT1G76880"
"4","AT4G18270"
"4","AT1G75540"
"4","AT3G18050"
"4","AT1G66130"
"4","AT2G29670"
"4","AT1G05070"
"4","AT1G76080"
"4","AT4G24660"
"4","AT4G38840"
"4","AT4G14000"
"4","AT1G80870"
"4","AT5G07240"
"4","AT1G55360"
"4","AT1G24625"
"4","AT5G61340"
"4","AT1G61900"
"4","AT5G33280"
"4","AT1G19835"
"4","AT3G60630"
"4","AT2G19780"
"4","AT3G11110"
"4","AT1G19350"
"4","AT4G34020"
"4","AT3G25500"
"4","AT1G25440"
"4","AT5G03180"
"4","AT1G73760"
"4","AT5G64340"
"4","AT4G15450"
"4","AT5G23050"
"4","AT2G33860"
"4","AT5G14570"
"4","AT5G25630"
"4","AT5G24150"
"4","AT5G66770"
"4","AT1G72030"
"4","AT5G52190"
"4","AT2G40540"
"4","AT2G24580"
"4","AT2G32530"
"4","AT4G19120"
"4","AT5G12950"
"4","AT3G24760"
"4","AT3G50270"
"4","AT5G57100"
"4","AT4G12420"
"4","AT1G22370"
"4","AT2G32970"
"4","AT3G20820"
"4","AT1G02300"
"4","AT5G58900"
"4","AT1G07050"
"4","AT5G63530"
"4","AT1G71180"
"4","AT1G01430"
"4","AT5G65310"
"4","AT2G26640"
"4","AT2G12190"
"4","AT2G36350"
"4","AT1G49720"
"4","AT2G44210"
"4","AT5G21100"
"4","AT2G02950"
"4","AT1G60525"
"4","AT2G47220"
"4","AT1G70820"
"4","AT5G54630"
"4","AT5G15210"
"4","AT1G74090"
"4","AT3G09050"
"4","AT1G74370"
"4","AT1G72610"
"4","AT4G00165"
"4","AT4G08920"
"4","AT5G13770"
"4","AT3G26310"
"4","AT3G15720"
"4","AT5G20935"
"4","AT3G53950"
"4","AT3G19450"
"4","AT2G03310"
"4","AT1G28310"
"4","AT1G31650"
"4","AT1G63850"
"4","AT2G29320"
"4","AT2G32540"
"4","AT1G12730"
"4","AT3G58690"
"4","AT1G33240"
"4","AT4G01670"
"4","AT4G26490"
"4","AT1G47580"
"4","AT4G13100"
"4","AT3G46550"
"4","AT1G78020"
"4","AT2G20180"
"4","AT5G05830"
"4","AT3G04450"
"4","AT5G59350"
"4","AT1G60870"
"4","AT1G11700"
"4","AT1G75460"
"4","AT1G01860"
"4","AT5G47610"
"4","AT1G18265"
"4","AT1G20650"
"4","AT2G01630"
"4","AT5G46690"
"4","AT4G30680"
"4","AT4G14740"
"4","AT2G01420"
"4","AT3G50700"
"4","AT5G35750"
"4","AT1G28610"
"4","AT4G18220"
"4","AT5G61300"
"4","AT2G13690"
"4","AT1G63690"
"4","AT1G01420"
"4","AT3G52840"
"4","AT4G14540"
"4","AT3G30180"
"4","AT2G03550"
"4","AT3G13750"
"4","AT1G50290"
"4","AT3G57830"
"4","AT4G34760"
"4","AT1G17665"
"4","AT3G06145"
"4","AT4G01330"
"4","AT1G69690"
"4","AT1G12330"
"4","AT4G25480"
"4","AT3G06868"
"4","AT5G62360"
"4","AT5G41620"
"4","AT4G26540"
"4","AT3G09162"
"4","AT5G49100"
"4","AT2G45950"
"4","AT1G72500"
"4","AT3G44380"
"4","AT1G67590"
"4","AT5G03190"
"4","AT4G22290"
"4","AT4G30000"
"4","AT5G43700"
"4","AT5G62350"
"4","AT5G10800"
"4","AT3G48800"
"4","AT5G41920"
"4","AT2G01760"
"4","AT2G42190"
"4","AT3G23340"
"4","AT1G68570"
"4","AT2G35820"
"4","AT5G07842"
"4","AT3G59400"
"4","AT2G31380"
"4","AT5G57180"
"4","AT5G64970"
"4","AT5G25620"
"4","AT2G31290"
"4","AT1G68550"
"4","AT3G18320"
"4","AT1G21920"
"4","AT1G17970"
"4","AT2G01755"
"4","AT4G19170"
"4","AT2G44230"
"4","AT3G63200"
"4","AT3G14240"
"4","AT1G51430"
"4","AT3G59140"
"4","AT3G16890"
"4","AT1G49245"
"4","AT3G07500"
"4","AT1G75960"
"4","AT2G26870"
"4","AT5G54980"
"4","AT2G29290"
"4","AT3G22760"
"4","AT1G03300"
"4","AT1G44446"
"4","AT2G43550"
"4","AT5G38860"
"4","AT5G15770"
"4","AT1G78995"
"4","AT3G59420"
"4","AT4G36050"
"4","AT5G13920"
"4","AT2G15790"
"4","AT2G32010"
"4","AT1G24290"
"4","AT4G30400"
"4","AT3G17840"
"4","AT3G54600"
"4","AT4G12917"
"4","AT5G49740"
"4","AT3G26240"
"4","AT2G28150"
"4","AT5G65830"
"4","AT4G09970"
"4","AT4G01410"
"4","AT4G25780"
"4","AT2G22482"
"4","AT1G62590"
"4","AT1G62120"
"4","AT2G27800"
"4","AT5G59020"
"4","AT3G50440"
"4","AT2G46250"
"4","AT2G46660"
"4","AT1G76170"
"4","AT4G33000"
"4","AT3G06770"
"4","AT4G33960"
"4","AT4G12390"
"4","AT5G67150"
"4","AT3G13000"
"4","AT5G18690"
"4","AT4G12330"
"4","AT3G48590"
"4","AT1G47340"
"4","AT4G31400"
"4","AT3G25700"
"4","AT1G32450"
"4","AT1G78730"
"4","AT5G23930"
"4","AT1G01250"
"4","AT5G14140"
"4","AT1G73320"
"4","AT1G59510"
"4","AT5G52930"
"4","AT5G49290"
"4","AT1G14700"
"4","AT2G24290"
"4","AT5G47640"
"4","AT4G37925"
"4","AT4G14890"
"4","AT5G66520"
"4","AT3G08660"
"4","AT5G58520"
"4","AT4G38690"
"4","AT1G22630"
"4","AT1G65860"
"4","AT1G72130"
"4","AT1G24450"
"4","AT1G60690"
"4","AT4G34900"
"4","AT5G39210"
"4","AT1G10970"
"4","AT4G37800"
"4","AT3G48550"
"4","AT3G57770"
"4","AT1G65420"
"4","AT1G72310"
"4","AT3G22104"
"4","AT5G66590"
"4","AT5G52780"
"4","AT1G70890"
"4","AT4G32340"
"4","AT3G17950"
"4","AT4G31890"
"4","AT1G25230"
"4","AT4G38670"
"4","AT1G09440"
"4","AT3G22550"
"4","AT5G22460"
"4","AT5G55950"
"4","AT5G03530"
"4","AT5G40150"
"4","AT2G29310"
"4","AT4G31360"
"4","AT4G03070"
"4","AT4G28830"
"4","AT3G58940"
"4","AT3G03190"
"4","AT1G53345"
"4","AT1G78970"
"4","AT1G18620"
"4","AT1G29460"
"4","AT1G13910"
"4","AT5G56100"
"4","AT1G23080"
"4","AT4G14548"
"4","AT1G19940"
"4","AT5G23100"
"4","AT1G70830"
"4","AT2G23755"
"4","AT2G18620"
"4","AT2G18300"
"4","AT1G80980"
"4","AT5G25810"
"4","AT1G28570"
"4","AT5G59780"
"4","AT2G36870"
"4","AT5G45310"
"4","AT2G14520"
"4","AT2G43445"
"4","AT3G20470"
"4","AT1G49230"
"4","AT4G15730"
"4","AT3G60290"
"4","AT1G53070"
"4","AT3G24255"
"4","AT3G23805"
"4","AT4G01500"
"4","AT4G29540"
"4","AT4G04830"
"4","AT3G14650"
"4","AT1G45230"
"4","AT2G36000"
"4","AT2G41560"
"4","AT5G60100"
"4","AT1G09010"
"4","AT1G64355"
"4","AT1G73170"
"4","AT1G04350"
"4","AT2G32480"
"4","AT4G30825"
"4","AT2G24820"
"4","AT3G19000"
"4","AT5G55230"
"4","AT4G10180"
"4","AT4G34030"
"4","AT1G27480"
"4","AT3G56630"
"4","AT2G35830"
"4","AT2G35800"
"4","AT5G43810"
"4","AT1G28440"
"4","AT3G26300"
"4","AT1G05140"
"4","AT5G35790"
"4","AT4G38520"
"4","AT5G09460"
"4","AT3G02050"
"4","AT3G04760"
"4","AT3G14860"
"4","AT5G48545"
"4","AT5G11330"
"4","AT5G59130"
"4","AT5G49980"
"4","AT3G47500"
"4","AT2G16400"
"4","AT3G19720"
"4","AT2G15050"
"4","AT3G53920"
"4","AT5G21222"
"4","AT3G45850"
"4","AT4G37300"
"4","AT1G22910"
"4","AT5G42030"
"4","AT5G67370"
"4","AT4G15545"
"4","AT4G30993"
"4","AT5G41140"
"4","AT3G45780"
"4","AT1G65010"
"4","AT4G23740"
"4","AT1G66820"
"4","AT2G43900"
"4","AT1G69420"
"4","AT1G06460"
"4","AT1G16020"
"4","AT5G58140"
"4","AT1G69935"
"4","AT2G23600"
"4","AT3G22190"
"4","AT3G62410"
"4","AT5G42130"
"4","AT4G35270"
"4","AT3G59300"
"4","AT1G78180"
"4","AT1G01220"
"4","AT5G43740"
"4","AT5G51970"
"4","AT1G68790"
"4","AT1G31920"
"4","AT2G21830"
"4","AT3G04940"
"4","AT5G63700"
"4","AT3G55760"
"4","AT3G15030"
"4","AT1G29530"
"4","AT5G64280"
"4","AT4G27180"
"4","AT1G05200"
"4","AT2G36910"
"4","AT4G27430"
"4","AT1G65230"
"4","AT2G45250"
"4","AT4G03150"
"4","AT2G35260"
"4","AT1G49510"
"4","AT3G61820"
"4","AT3G22210"
"4","AT3G09550"
"4","AT4G09630"
"4","AT2G29360"
"4","AT5G01020"
"4","AT4G23820"
"4","AT1G60160"
"4","AT4G13495"
"4","AT1G08550"
"4","AT1G47330"
"4","AT3G23780"
"4","AT1G69800"
"4","AT3G11670"
"4","AT5G50420"
"4","AT2G21380"
"4","AT3G06510"
"4","AT3G51520"
"4","AT4G16340"
"4","AT2G40070"
"4","AT3G05030"
"4","AT3G21250"
"4","AT1G73710"
"4","AT1G10820"
"4","AT1G72160"
"4","AT2G03340"
"4","AT4G18570"
"4","AT4G09510"
"4","AT1G20010"
"4","AT3G24040"
"4","AT3G15850"
"4","AT1G53900"
"4","AT1G09310"
"4","AT3G62110"
"4","AT4G38770"
"4","AT2G27810"
"4","AT1G25570"
"4","AT1G18485"
"4","AT4G32270"
"4","AT5G65710"
"4","AT5G47820"
"4","AT5G50160"
"4","AT3G12210"
"4","AT3G19180"
"4","AT1G61300"
"4","AT4G04040"
"4","AT1G08660"
"4","AT1G71720"
"4","AT5G60120"
"4","AT4G23890"
"4","AT5G64840"
"4","AT5G06460"
"4","AT5G13300"
"4","AT1G18670"
"4","AT4G09350"
"4","AT4G04340"
"4","AT4G20840"
"4","AT5G61040"
"4","AT5G01090"
"4","AT1G73570"
"4","AT2G27060"
"4","AT1G12930"
"4","AT4G29100"
"4","AT4G02710"
"4","AT2G30460"
"4","AT5G53460"
"4","AT5G41410"
"4","AT2G45700"
"4","AT4G18520"
"4","AT1G15510"
"4","AT1G24160"
"4","AT4G10470"
"4","AT4G27610"
"4","AT1G08590"
"4","AT3G56750"
"4","AT3G09410"
"4","AT1G10910"
"4","AT2G35155"
"4","AT5G55840"
"4","AT5G53430"
"4","AT5G59750"
"4","AT5G45610"
"4","AT4G28100"
"4","AT2G05790"
"4","AT5G04290"
"4","AT1G12280"
"4","AT4G19500"
"4","AT2G26910"
"4","AT1G72090"
"4","AT1G05590"
"4","AT5G45260"
"4","AT1G51580"
"4","AT4G19530"
"4","AT5G48590"
"4","AT1G15215"
"4","AT5G38870"
"4","AT2G18790"
"4","AT4G01570"
"4","AT5G14550"
"4","AT2G45810"
"4","AT5G62840"
"4","AT2G32390"
"4","AT5G16540"
"4","AT1G32520"
"4","AT5G55620"
"4","AT2G27050"
"4","AT1G74160"
"4","AT2G42690"
"4","AT2G22830"
"4","AT2G28070"
"4","AT5G63630"
"4","AT1G78510"
"4","AT5G46570"
"4","AT3G56140"
"4","AT4G21430"
"4","AT2G35620"
"4","AT5G11690"
"4","AT4G36860"
"4","AT4G21960"
"4","AT3G22780"
"4","AT3G26890"
"4","AT4G13840"
"4","AT3G08600"
"4","AT3G02250"
"4","AT5G24165"
"4","AT4G30710"
"4","AT5G10560"
"4","AT5G09315"
"4","AT1G66200"
"4","AT4G26760"
"4","AT3G23710"
"4","AT1G28100"
"4","AT4G25960"
"4","AT3G12690"
"4","AT1G11410"
"4","AT3G10520"
"4","AT5G58370"
"4","AT1G70760"
"4","AT5G26960"
"4","AT4G14096"
"4","AT1G01770"
"4","AT2G42510"
"4","AT4G31115"
"4","AT1G55130"
"4","AT4G15820"
"4","AT3G03980"
"4","AT5G61660"
"4","AT3G18800"
"4","AT3G16200"
"4","AT1G13860"
"4","AT5G58960"
"4","AT5G64470"
"4","AT1G73310"
"4","AT1G79720"
"4","AT1G12090"
"4","AT3G01180"
"4","AT3G21060"
"4","AT4G22756"
"4","AT4G19540"
"4","AT4G20910"
"4","AT4G31050"
"4","AT2G21320"
"4","AT5G35930"
"4","AT5G62220"
"4","AT3G54790"
"4","AT1G29450"
"4","AT4G01020"
"4","AT2G33360"
"4","AT5G38150"
"4","AT2G25050"
"4","AT5G02010"
"4","AT5G41050"
"4","AT4G00040"
"4","AT2G26975"
"4","AT5G44600"
"4","AT1G72190"
"4","AT3G11620"
"4","AT2G22540"
"4","AT1G51400"
"4","AT2G33770"
"4","AT1G33060"
"4","AT1G33400"
"4","AT2G22125"
"4","AT1G50620"
"4","AT2G28660"
"4","AT1G26190"
"4","AT3G08680"
"4","AT1G29430"
"4","AT5G05550"
"4","AT3G56590"
"4","AT2G38980"
"4","AT4G10890"
"4","AT4G35880"
"4","AT1G49560"
"4","AT5G23480"
"4","AT5G38865"
"4","AT2G39250"
"4","AT5G02180"
"4","AT5G46220"
"4","AT1G35420"
"4","AT1G53090"
"4","AT2G28100"
"4","AT3G60390"
"4","AT1G50890"
"4","AT2G05160"
"4","AT2G46870"
"4","AT1G38131"
"4","AT1G04040"
"4","AT2G22190"
"4","AT5G08230"
"4","AT4G31060"
"4","AT1G34210"
"4","AT2G32100"
"4","AT1G65380"
"4","AT1G68130"
"4","AT1G16800"
"4","AT4G24700"
"4","AT1G76100"
"4","AT4G38280"
"4","AT5G55210"
"4","AT3G13620"
"4","AT2G30100"
"4","AT5G05620"
"4","AT3G23080"
"4","AT5G05480"
"4","AT2G25270"
"4","AT5G48990"
"4","AT5G60450"
"4","AT3G57780"
"4","AT1G68190"
"4","AT5G18140"
"4","AT1G60560"
"4","AT1G10610"
"4","AT3G28050"
"4","AT1G62630"
"4","AT5G28030"
"4","AT4G04880"
"4","AT5G04885"
"4","AT2G35430"
"4","AT1G72820"
"4","AT1G25145"
"4","AT1G27410"
"4","AT4G08685"
"4","AT3G54320"
"4","AT4G19100"
"4","AT2G42290"
"4","AT3G61550"
"4","AT3G58120"
"4","AT3G49250"
"4","AT1G47860"
"4","AT1G78270"
"4","AT2G31300"
"4","AT2G35860"
"4","AT1G16550"
"4","AT5G45800"
"4","AT5G45460"
"4","AT2G45460"
"4","AT3G30460"
"4","AT5G40270"
"4","AT5G12080"
"4","AT3G07200"
"4","AT4G17810"
"4","AT3G51150"
"4","AT2G35738"
"4","AT2G21070"
"4","AT1G67080"
"4","AT2G40085"
"4","AT2G24630"
"4","AT3G58820"
"4","AT3G08800"
"4","AT1G29600"
"4","AT1G16400"
"4","AT1G68560"
"4","AT1G52770"
"4","AT3G26490"
"4","AT5G13660"
"4","AT3G07340"
"4","AT4G09810"
"4","AT5G60970"
"4","AT4G36240"
"4","AT4G02210"
"4","AT5G49730"
"4","AT2G32630"
"4","AT1G31150"
"4","AT5G45275"
"4","AT1G12010"
"4","AT3G20120"
"4","AT5G65820"
"4","AT2G38050"
"4","AT1G29510"
"4","AT4G22130"
"4","AT5G50375"
"4","AT3G07510"
"4","AT5G67200"
"4","AT3G05900"
"4","AT3G08940"
"4","AT2G42170"
"4","AT3G08620"
"4","AT4G27440"
"4","AT4G26790"
"4","AT1G52342"
"4","AT4G36360"
"4","AT1G05540"
"4","AT4G11970"
"4","AT5G41980"
"4","AT3G57140"
"4","AT4G21550"
"4","AT5G57700"
"4","AT2G27230"
"4","AT1G15410"
"4","AT4G29910"
"4","AT1G45248"
"4","AT1G55960"
"4","AT1G62910"
"4","AT3G26445"
"4","AT3G63445"
"4","AT1G16515"
"4","AT1G06265"
"4","AT2G23360"
"4","AT1G34010"
"4","AT5G08070"
"4","AT1G55510"
"4","AT1G77210"
"4","AT5G10900"
"4","AT2G28670"
"4","AT5G02650"
"4","AT1G03130"
"4","AT3G12520"
"4","AT3G01142"
"4","AT1G02290"
"4","AT4G28560"
"4","AT5G66580"
"4","AT1G62030"
"4","AT5G50240"
"4","AT5G67280"
"4","AT3G29776"
"4","AT3G18080"
"4","AT1G62914"
"4","AT4G34630"
"4","AT3G11750"
"4","AT3G45160"
"4","AT1G09390"
"4","AT1G69020"
"4","AT4G26795"
"4","AT3G04485"
"4","AT5G10250"
"4","AT4G17460"
"4","AT1G69587"
"4","AT1G73090"
"4","AT5G07590"
"4","AT2G38210"
"4","AT1G26945"
"4","AT3G22886"
"4","AT1G44780"
"4","AT4G14520"
"4","AT3G52370"
"4","AT4G29990"
"4","AT3G21100"
"4","AT1G14970"
"4","AT2G17300"
"4","AT3G52670"
"4","AT1G47520"
"4","AT3G20200"
"4","AT5G67390"
"4","AT4G37682"
"4","AT4G16447"
"4","AT2G13840"
"4","AT3G05980"
"4","AT1G64500"
"4","AT2G22390"
"4","AT1G32240"
"4","AT5G51080"
"4","AT5G16600"
"5","AT4G36988"
"5","AT3G22160"
"5","AT3G54150"
"5","AT3G55470"
"5","AT5G66640"
"5","AT1G51890"
"5","AT4G23700"
"5","AT5G67340"
"5","AT5G22530"
"5","AT4G23150"
"5","AT4G04490"
"5","AT4G04500"
"5","AT5G64810"
"5","AT2G26150"
"5","AT1G21240"
"5","AT1G08860"
"5","AT4G23310"
"5","AT5G14930"
"5","AT1G61800"
"5","AT1G67520"
"5","AT4G16960"
"5","AT1G77810"
"5","AT3G21520"
"5","AT4G23215"
"5","AT4G18890"
"5","AT3G22600"
"5","AT3G09350"
"5","AT1G30270"
"5","AT3G13950"
"5","AT4G14450"
"5","AT1G70690"
"5","AT3G47820"
"5","AT4G04510"
"5","AT1G15520"
"5","AT1G76980"
"5","AT5G02780"
"5","AT3G18250"
"5","AT5G39040"
"5","AT5G57150"
"5","AT2G18660"
"5","AT4G25070"
"5","AT2G14290"
"5","AT5G51465"
"5","AT5G12340"
"5","AT4G01750"
"5","AT4G39820"
"5","AT2G30750"
"5","AT1G79680"
"5","AT1G67920"
"5","AT1G65690"
"5","AT2G47140"
"5","AT3G21305"
"5","AT5G11210"
"5","AT5G44990"
"5","AT2G13800"
"5","AT1G33030"
"5","AT5G54165"
"5","AT1G74310"
"5","AT1G19250"
"5","AT5G47850"
"5","AT1G10040"
"5","AT3G44350"
"5","AT3G16050"
"5","AT1G64400"
"5","AT1G66460"
"5","AT3G04110"
"5","AT1G61490"
"5","AT1G61370"
"5","AT2G38790"
"5","AT5G11920"
"5","AT3G53270"
"5","AT3G24500"
"5","AT5G63225"
"5","AT2G31020"
"5","AT5G55460"
"5","AT2G44070"
"5","AT4G11470"
"5","AT5G23520"
"5","AT5G48410"
"5","AT3G28210"
"5","AT4G24290"
"5","AT4G01370"
"5","AT2G13810"
"5","AT2G26400"
"5","AT4G21840"
"5","AT5G64890"
"5","AT3G51660"
"5","AT1G32350"
"5","AT2G01650"
"5","AT3G60190"
"5","AT5G52640"
"5","AT5G46350"
"5","AT1G76130"
"5","AT4G37020"
"5","AT5G48570"
"5","AT1G13520"
"5","AT1G71390"
"5","AT2G45010"
"5","AT2G40740"
"5","AT1G61420"
"5","AT2G29110"
"5","AT2G20560"
"5","AT5G66890"
"5","AT4G23320"
"5","AT1G07400"
"5","AT3G08970"
"5","AT1G34420"
"5","AT4G10970"
"5","AT3G50460"
"5","AT4G11840"
"5","AT4G02220"
"5","AT3G47530"
"5","AT5G20990"
"5","AT1G62840"
"5","AT5G43650"
"5","AT2G21900"
"5","AT3G61760"
"5","AT4G19970"
"5","AT3G12910"
"5","AT3G02520"
"5","AT5G23490"
"5","AT1G09935"
"5","AT1G12290"
"5","AT1G32960"
"5","AT4G19990"
"5","AT2G45220"
"5","AT5G38250"
"5","AT2G33580"
"5","AT2G04070"
"5","AT2G19190"
"5","AT2G18000"
"5","AT2G27660"
"5","AT5G24540"
"5","AT5G40880"
"5","AT3G13610"
"5","AT5G46500"
"5","AT1G72280"
"5","AT4G18430"
"5","AT2G26240"
"5","AT1G59860"
"5","AT5G55420"
"5","AT1G67980"
"5","AT3G25070"
"5","AT1G11100"
"5","AT2G19570"
"5","AT5G60930"
"5","AT4G13820"
"5","AT1G51850"
"5","AT4G12400"
"5","AT1G17330"
"5","AT5G35320"
"5","AT1G32940"
"5","AT5G09420"
"5","AT2G44280"
"5","AT1G66465"
"5","AT1G07620"
"5","AT5G27830"
"5","AT1G61610"
"5","AT1G75170"
"5","AT5G44480"
"5","AT3G61390"
"5","AT5G64000"
"5","AT5G39020"
"5","AT1G59865"
"5","AT4G29810"
"5","AT4G25940"
"5","AT5G62150"
"5","AT2G20960"
"5","AT5G45000"
"5","AT4G31800"
"5","AT3G07580"
"5","AT2G20110"
"5","AT5G45090"
"5","AT5G64510"
"5","AT3G11080"
"5","AT4G36520"
"5","AT4G23260"
"5","AT3G46690"
"5","AT5G58940"
"5","AT5G49680"
"5","AT5G38710"
"5","AT3G47090"
"5","AT3G59570"
"5","AT4G11480"
"5","AT3G45330"
"5","AT3G54420"
"5","AT1G66600"
"5","AT5G38900"
"5","AT5G23160"
"5","AT1G77360"
"5","AT5G22545"
"5","AT5G32481"
"5","AT1G74590"
"5","AT4G11655"
"5","AT4G35180"
"5","AT4G17660"
"5","AT3G25882"
"5","AT3G05830"
"5","AT1G23840"
"5","AT1G10417"
"5","AT4G30880"
"5","AT4G05020"
"5","AT3G14460"
"5","AT3G55880"
"5","AT5G51440"
"5","AT5G13080"
"5","AT5G46230"
"5","AT1G28480"
"5","AT3G51330"
"5","AT5G22780"
"5","AT4G25110"
"5","AT1G11310"
"5","AT2G29100"
"5","AT4G23160"
"5","AT1G41797"
"5","AT2G02340"
"5","AT3G25010"
"5","AT3G12040"
"5","AT2G34500"
"5","AT4G16820"
"5","AT5G67245"
"5","AT2G28890"
"5","AT3G13437"
"5","AT5G49570"
"5","AT3G13782"
"5","AT3G12580"
"5","AT2G40810"
"5","AT1G61810"
"5","AT1G01440"
"5","AT4G04220"
"5","AT2G25440"
"5","AT1G67650"
"5","AT5G53110"
"5","AT3G26440"
"5","AT5G64790"
"5","AT1G61430"
"5","AT3G18370"
"5","AT5G52800"
"5","AT5G45480"
"5","AT1G25390"
"5","AT4G36140"
"5","AT1G26130"
"5","AT4G30640"
"5","AT1G05170"
"5","AT4G26070"
"5","AT5G50200"
"5","AT2G17040"
"5","AT5G26180"
"5","AT2G15760"
"5","AT1G77660"
"5","AT3G24900"
"5","AT4G26270"
"5","AT1G71000"
"5","AT5G14420"
"5","AT3G23010"
"5","AT3G11040"
"5","AT3G23120"
"5","AT4G31500"
"5","AT5G44460"
"5","AT4G08850"
"5","AT4G14970"
"5","AT4G23170"
"5","AT1G51860"
"5","AT4G26140"
"5","AT2G39420"
"5","AT2G31880"
"5","AT1G74440"
"5","AT3G14840"
"5","AT1G47480"
"5","AT2G15040"
"5","AT1G11300"
"5","AT4G00240"
"5","AT1G36622"
"5","AT5G19880"
"5","AT5G04560"
"5","AT2G28940"
"5","AT2G46240"
"5","AT3G53600"
"5","AT2G24160"
"5","AT5G12030"
"5","AT1G13470"
"5","AT5G64800"
"5","AT5G01732"
"5","AT3G11010"
"5","AT5G46960"
"5","AT4G04655"
"5","AT1G63245"
"5","AT3G26210"
"5","AT5G09290"
"5","AT5G52740"
"5","AT5G28120"
"5","AT2G42480"
"5","AT1G23850"
"5","AT3G09040"
"5","AT1G08450"
"5","AT5G35580"
"5","AT5G55560"
"5","AT3G57700"
"5","AT1G51790"
"5","AT2G46150"
"5","AT2G24165"
"5","AT2G21550"
"5","AT1G05630"
"5","AT3G01760"
"5","AT2G02350"
"5","AT5G40720"
"5","AT1G09080"
"5","AT1G66550"
"5","AT1G51760"
"5","AT3G51350"
"5","AT4G30230"
"5","AT3G09940"
"5","AT2G32680"
"5","AT3G04210"
"5","AT2G47560"
"5","AT2G28630"
"5","AT4G08750"
"5","AT1G67000"
"5","AT2G46430"
"5","AT4G29850"
"5","AT1G67070"
"5","AT4G00940"
"5","AT1G58300"
"5","AT4G11230"
"5","AT5G59670"
"5","AT3G46230"
"5","AT5G60900"
"5","AT1G56470"
"5","AT2G40180"
"5","AT2G21910"
"5","AT3G13850"
"5","AT1G33790"
"5","AT4G23230"
"5","AT1G30900"
"5","AT3G45860"
"5","AT3G53830"
"5","AT1G51920"
"5","AT3G14700"
"5","AT4G04695"
"5","AT1G58225"
"5","AT3G11000"
"5","AT1G30070"
"5","AT2G29500"
"5","AT1G61820"
"5","AT5G45740"
"5","AT3G14620"
"5","AT1G09560"
"5","AT2G39210"
"5","AT4G02520"
"5","AT1G21250"
"5","AT4G12010"
"5","AT5G19250"
"5","AT1G07630"
"5","AT2G29120"
"5","AT3G49120"
"5","AT5G25820"
"5","AT4G00955"
"5","AT1G75040"
"5","AT4G13920"
"5","AT1G70520"
"5","AT2G26440"
"5","AT2G24570"
"5","AT1G21270"
"5","AT3G09490"
"5","AT1G63740"
"5","AT5G44568"
"5","AT1G75000"
"5","AT3G45290"
"5","AT2G43570"
"5","AT3G44860"
"5","AT2G24850"
"5","AT1G11330"
"5","AT4G23140"
"5","AT4G15417"
"5","AT1G23830"
"5","AT1G24147"
"5","AT5G18780"
"5","AT4G15280"
"5","AT1G16110"
"5","AT5G32540"
"5","AT5G07322"
"5","AT2G21850"
"5","AT1G04970"
"5","AT2G26600"
"5","AT1G26690"
"5","AT4G17486"
"5","AT1G61667"
"5","AT2G05320"
"5","AT2G17760"
"5","AT3G25870"
"5","AT2G04400"
"5","AT2G38800"
"5","AT4G13040"
"5","AT2G30550"
"5","AT3G14130"
"5","AT4G32870"
"5","AT5G44569"
"5","AT1G45145"
"5","AT1G55775"
"5","AT1G48870"
"5","AT5G44820"
"5","AT2G30640"
"5","AT5G39090"
"5","AT1G04280"
"5","AT2G38310"
"5","AT2G21350"
"5","AT3G05390"
"5","AT5G40690"
"5","AT2G40750"
"5","AT2G02310"
"6","AT4G22690"
"6","AT2G35930"
"6","AT5G47220"
"6","AT1G10140"
"6","AT1G27130"
"6","AT5G61160"
"6","AT4G14680"
"6","AT2G29470"
"6","AT4G01360"
"6","AT3G23550"
"6","AT5G24110"
"6","AT2G16720"
"6","AT3G18710"
"6","AT1G25370"
"6","AT1G05020"
"6","AT1G66700"
"6","AT1G68330"
"6","AT2G31230"
"6","AT2G30770"
"6","AT4G11521"
"6","AT1G09970"
"6","AT5G18290"
"6","AT4G15975"
"6","AT4G04480"
"6","AT5G47230"
"6","AT4G23180"
"6","AT2G32880"
"6","AT3G24503"
"6","AT4G37100"
"6","AT2G29410"
"6","AT5G02970"
"6","AT1G53080"
"6","AT1G59950"
"6","AT5G02680"
"6","AT3G49620"
"6","AT5G54500"
"6","AT3G18830"
"6","AT1G03220"
"6","AT2G47650"
"6","AT1G05010"
"6","AT1G03230"
"6","AT5G05850"
"6","AT1G34370"
"6","AT2G36220"
"6","AT5G03490"
"6","AT1G06160"
"6","AT4G28490"
"6","AT2G34355"
"6","AT1G27020"
"6","AT2G29340"
"6","AT3G62720"
"6","AT4G36670"
"6","AT1G74450"
"6","AT1G30320"
"6","AT1G08315"
"6","AT1G25275"
"6","AT4G30510"
"6","AT1G78310"
"6","AT3G20860"
"6","AT2G41730"
"6","AT1G23090"
"6","AT1G33610"
"6","AT5G63320"
"6","AT4G35630"
"6","AT2G38170"
"6","AT1G78830"
"6","AT1G58590"
"6","AT4G16250"
"6","AT4G34135"
"6","AT3G13310"
"6","AT2G43150"
"6","AT4G30290"
"6","AT1G78460"
"6","AT4G16260"
"6","AT4G23810"
"6","AT5G47050"
"6","AT1G23550"
"6","AT1G30135"
"6","AT3G61640"
"6","AT5G59540"
"6","AT4G30530"
"6","AT1G15125"
"6","AT2G44300"
"6","AT1G63860"
"6","AT1G59810"
"6","AT5G51770"
"6","AT5G12300"
"6","AT3G02040"
"6","AT4G30350"
"6","AT4G37520"
"6","AT4G15140"
"6","AT1G28240"
"6","AT1G73550"
"6","AT2G36970"
"6","AT3G19380"
"6","AT2G15080"
"6","AT2G29165"
"6","AT5G52400"
"6","AT5G07730"
"6","AT4G15236"
"6","AT1G37130"
"6","AT4G01250"
"6","AT3G04720"
"6","AT3G26200"
"6","AT5G67310"
"6","AT1G06850"
"6","AT4G24230"
"6","AT4G18422"
"6","AT4G28703"
"6","AT4G29600"
"6","AT3G14870"
"6","AT3G23530"
"6","AT5G44575"
"6","AT4G25672"
"6","AT4G38545"
"6","AT2G16890"
"6","AT1G71880"
"6","AT5G59730"
"6","AT2G39710"
"6","AT5G03720"
"6","AT2G18350"
"6","AT5G50915"
"6","AT1G72070"
"6","AT1G72450"
"6","AT5G55120"
"6","AT5G22300"
"6","AT5G58680"
"6","AT1G44120"
"6","AT4G27652"
"6","AT4G15760"
"6","AT1G21050"
"6","AT1G47130"
"6","AT5G53750"
"6","AT1G16640"
"6","AT3G52390"
"6","AT1G75030"
"6","AT4G13370"
"6","AT4G10380"
"6","AT3G54780"
"6","AT4G37390"
"6","AT5G54470"
"6","AT4G11080"
"6","AT5G10170"
"6","AT3G17390"
"6","AT4G25020"
"6","AT3G55370"
"7","AT5G56340"
"7","AT5G16480"
"7","AT3G47540"
"7","AT1G33720"
"7","AT1G35230"
"7","AT2G04450"
"7","AT4G18250"
"7","AT5G22520"
"7","AT1G01560"
"7","AT1G48320"
"7","AT4G04540"
"7","AT4G18253"
"7","AT4G39030"
"7","AT2G41835"
"7","AT1G01680"
"7","AT2G27580"
"7","AT3G07720"
"7","AT4G02550"
"7","AT4G11660"
"7","AT5G01980"
"7","AT5G42830"
"7","AT2G44600"
"7","AT4G23570"
"7","AT4G26400"
"7","AT5G13190"
"7","AT1G43910"
"7","AT2G18690"
"7","AT3G10500"
"7","AT4G38940"
"7","AT2G04430"
"7","AT2G42950"
"7","AT1G57560"
"7","AT3G59700"
"7","AT5G25260"
"7","AT4G00700"
"7","AT4G12720"
"7","AT3G04580"
"7","AT1G09932"
"7","AT1G13340"
"7","AT1G77500"
"7","AT4G38560"
"7","AT3G52870"
"7","AT1G74710"
"7","AT3G27560"
"7","AT1G30040"
"7","AT1G32127"
"7","AT1G67060"
"7","AT3G52430"
"7","AT4G26120"
"7","AT4G11170"
"7","AT5G60280"
"7","AT2G28570"
"7","AT3G13100"
"7","AT4G21400"
"7","AT5G13320"
"7","AT5G46490"
"7","AT3G48090"
"7","AT5G60800"
"7","AT1G21370"
"7","AT4G34390"
"7","AT3G50930"
"7","AT2G32140"
"7","AT5G48400"
"7","AT1G19270"
"7","AT5G22630"
"7","AT5G48655"
"7","AT1G11905"
"7","AT1G08050"
"7","AT3G04220"
"7","AT5G43910"
"7","AT5G45130"
"7","AT2G41010"
"7","AT2G43320"
"7","AT3G60415"
"7","AT5G24200"
"7","AT1G66090"
"7","AT5G54710"
"7","AT1G56060"
"7","AT1G02270"
"7","AT1G01340"
"7","AT3G21230"
"7","AT2G47730"
"7","AT3G06890"
"7","AT3G17410"
"7","AT1G16420"
"7","AT5G66620"
"7","AT5G20350"
"7","AT1G24150"
"7","AT5G39670"
"7","AT5G22540"
"7","AT4G16860"
"7","AT1G33730"
"7","AT5G26920"
"7","AT1G66250"
"7","AT1G69840"
"7","AT3G21080"
"7","AT4G01540"
"7","AT1G67800"
"7","AT2G05940"
"7","AT5G01970"
"7","AT2G37980"
"7","AT1G59590"
"7","AT5G66900"
"7","AT1G14870"
"7","AT1G56520"
"7","AT5G51630"
"7","AT3G48650"
"7","AT5G52730"
"7","AT1G63750"
"7","AT3G28850"
"7","AT2G21470"
"7","AT5G52760"
"7","AT1G17610"
"7","AT2G46400"
"7","AT5G26170"
"7","AT2G31865"
"7","AT5G42380"
"7","AT1G35210"
"7","AT1G61140"
"7","AT4G12710"
"7","AT1G72920"
"7","AT3G17420"
"7","AT1G76600"
"7","AT3G21220"
"7","AT3G14470"
"7","AT3G17690"
"7","AT5G41280"
"7","AT5G41730"
"7","AT1G65870"
"7","AT5G22060"
"7","AT1G13180"
"7","AT3G45040"
"7","AT5G41740"
"7","AT1G53625"
"7","AT2G04495"
"7","AT1G72240"
"7","AT1G17340"
"7","AT3G61190"
"7","AT3G15770"
"7","AT1G65250"
"7","AT5G41750"
"7","AT2G04515"
"7","AT3G47480"
"7","AT4G35600"
"7","AT2G45910"
"7","AT3G21150"
"7","AT3G60966"
"7","AT1G57650"
"7","AT5G16170"
"7","AT3G48100"
"7","AT2G32150"
"7","AT1G69520"
"7","AT1G65483"
"7","AT1G72540"
"7","AT5G45110"
"7","AT5G54650"
"7","AT1G13540"
"7","AT1G80610"
"7","AT2G32130"
"7","AT1G13310"
"7","AT1G53620"
"7","AT2G33700"
"7","AT4G31980"
"7","AT1G10340"
"7","AT1G33420"
"7","AT5G61510"
"7","AT1G27100"
"7","AT1G21070"
"7","AT1G70530"
"7","AT5G61210"
"7","AT1G76040"
"7","AT1G57630"
"7","AT5G38895"
"7","AT2G39518"
"7","AT4G29740"
"7","AT1G13550"
"7","AT4G24730"
"7","AT1G78200"
"7","AT5G54720"
"7","AT2G25190"
"7","AT3G26840"
"7","AT2G47130"
"7","AT3G52400"
"7","AT5G61900"
"7","AT4G23200"
"7","AT1G63350"
"7","AT2G20142"
"7","AT5G24590"
"7","AT1G22400"
"7","AT4G14365"
"7","AT4G19520"
"7","AT2G28400"
"7","AT5G01640"
"7","AT5G38210"
"7","AT4G27280"
"7","AT5G46520"
"7","AT1G72950"
"7","AT4G29440"
"7","AT5G48380"
"7","AT1G24145"
"7","AT3G44400"
"7","AT4G23210"
"7","AT4G08555"
"7","AT4G26990"
"7","AT3G57880"
"7","AT5G44585"
"7","AT3G07700"
"7","AT4G04700"
"7","AT4G12790"
"7","AT1G14200"
"7","AT5G66910"
"7","AT3G02610"
"7","AT3G10815"
"7","AT5G26690"
"7","AT5G47120"
"7","AT3G48640"
"7","AT1G68200"
"7","AT4G36945"
"7","AT2G17440"
"7","AT1G73130"
"7","AT3G58600"
"7","AT3G60420"
"7","AT2G47490"
"7","AT3G52470"
"7","AT5G52810"
"7","AT4G17670"
"7","AT5G46410"
"7","AT3G46090"
"7","AT1G61340"
"7","AT3G13380"
"7","AT2G21790"
"7","AT5G58120"
"7","AT3G52460"
"7","AT1G24530"
"7","AT3G02770"
"7","AT1G72890"
"7","AT2G17220"
"7","AT3G03610"
"7","AT2G36670"
"7","AT5G08335"
"7","AT1G44130"
"7","AT3G10540"
"7","AT1G14480"
"7","AT1G68690"
"7","AT4G28480"
"7","AT2G24240"
"7","AT4G23610"
"7","AT1G30190"
"7","AT5G36260"
"7","AT1G31540"
"7","AT3G60450"
"7","AT1G21525"
"7","AT5G02490"
"7","AT1G17500"
"7","AT4G21850"
"7","AT2G34610"
"7","AT4G29950"
"7","AT3G53120"
"7","AT2G16870"
"7","AT3G50140"
"7","AT3G22930"
"7","AT3G22400"
"7","AT5G13310"
"7","AT5G10380"
"7","AT4G05030"
"7","AT1G17600"
"7","AT1G33800"
"7","AT3G44480"
"7","AT1G31010"
"7","AT3G02550"
"7","AT5G41610"
"7","AT1G05880"
"7","AT3G21560"
"7","AT3G46510"
"7","AT5G66600"
"7","AT5G42440"
"7","AT3G15358"
"7","AT3G60470"
"7","AT1G73805"
"7","AT3G44670"
"7","AT1G56510"
"7","AT4G33300"
"7","AT1G64280"
"7","AT5G38344"
"7","AT1G76360"
"7","AT4G16950"
"7","AT1G73020"
"7","AT1G21520"
"7","AT1G30850"
"7","AT1G29290"
"7","AT1G22410"
"7","AT5G46510"
"7","AT1G17830"
"7","AT3G09280"
"7","AT1G03495"
"7","AT3G53150"
"7","AT5G52720"
"7","AT1G33960"
"7","AT1G51640"
"7","AT5G57970"
"7","AT2G44290"
"7","AT3G26470"
"7","AT3G47780"
"7","AT5G61840"
"7","AT5G53830"
"7","AT5G50140"
"7","AT5G47420"
"7","AT1G51620"
"7","AT5G64530"
"7","AT2G20150"
"7","AT4G16890"
"7","AT5G38350"
"7","AT3G60540"
"7","AT5G62770"
"7","AT3G07390"
"7","AT1G04490"
"7","AT3G56440"
"7","AT4G00850"
"7","AT1G16670"
"7","AT4G15200"
"7","AT3G03310"
"7","AT3G52480"
"7","AT3G62200"
"7","AT5G47130"
"7","AT4G25880"
"7","AT2G38490"
"7","AT3G63240"
"7","AT1G09930"
"7","AT5G58110"
"7","AT4G34380"
"7","AT4G04920"
"7","AT3G50470"
"7","AT1G52315"
"7","AT3G10400"
"7","AT3G50480"
"7","AT4G26240"
"7","AT1G61215"
"7","AT3G19910"
"7","AT1G15800"
"7","AT4G19925"
"7","AT4G16880"
"7","AT5G09876"
"7","AT3G10820"
"7","AT1G32340"
"7","AT5G55450"
"7","AT1G56150"
"7","AT2G39530"
"7","AT1G30370"
"7","AT5G11030"
"7","AT4G15070"
"7","AT1G69930"
"7","AT5G44570"
"7","AT3G57950"
"7","AT3G50800"
"7","AT1G01690"
"7","AT5G14480"
"7","AT2G45920"
"7","AT5G17350"
"7","AT3G19580"
"7","AT3G25510"
"7","AT1G80450"
"7","AT2G42890"
"7","AT4G12690"
"7","AT3G56740"
"7","AT3G53668"
"7","AT1G33950"
"7","AT1G02740"
"7","AT4G36550"
"7","AT2G44180"
"7","AT2G38250"
"7","AT3G29360"
"7","AT2G02090"
"7","AT1G51670"
"7","AT1G71170"
"7","AT1G05783"
"7","AT1G67050"
"7","AT3G25230"
"7","AT4G09300"
"7","AT5G17330"
"7","AT5G41170"
"7","AT5G24910"
"7","AT2G25737"
"7","AT1G30814"
"7","AT3G56710"
"7","AT5G62540"
"7","AT2G43680"
"7","AT1G31290"
"7","AT4G12740"
"7","AT1G70740"
"7","AT4G11890"
"7","AT4G11340"
"7","AT1G65481"
"7","AT1G22403"
"7","AT2G28590"
"7","AT4G22070"
"7","AT3G04060"
"7","AT1G16930"
"7","AT5G51740"
"7","AT5G24760"
"7","AT1G17615"
"7","AT5G17760"
"7","AT5G67450"
"7","AT1G76620"
"7","AT2G17120"
"7","AT5G43170"
"7","AT1G66080"
"7","AT1G30100"
"7","AT4G38530"
"7","AT1G61470"
"7","AT1G01480"
"7","AT1G57640"
"7","AT1G10280"
"7","AT5G03870"
"7","AT3G57100"
"7","AT1G35430"
"7","AT3G46520"
"7","AT4G00820"
"7","AT2G34650"
"7","AT3G07960"
"7","AT3G54270"
"7","AT5G37420"
"7","AT1G19970"
"7","AT4G36030"
"7","AT5G45080"
"7","AT1G13530"
"7","AT5G07650"
"7","AT2G24285"
"7","AT2G25000"
"7","AT3G55150"
"7","AT5G57123"
"7","AT5G15790"
"7","AT5G22380"
"7","AT1G02450"
"7","AT5G07165"
"7","AT5G01490"
"7","AT2G04500"
"7","AT5G15480"
"7","AT4G14960"
"7","AT5G38280"
"7","AT4G26470"
"7","AT1G47510"
"7","AT5G25450"
"7","AT5G19260"
"7","AT2G25240"
"7","AT5G41550"
"7","AT1G55610"
"7","AT5G03160"
"7","AT1G03660"
"7","AT2G21780"
"7","AT2G42360"
"7","AT5G61430"
"7","AT1G34750"
"7","AT1G03850"
"7","AT2G25460"
"7","AT1G57700"
"7","AT5G39660"
"7","AT5G39680"
"7","AT3G13090"
"7","AT2G38340"
"7","AT1G69900"
"7","AT3G62600"
"7","AT1G21740"
"7","AT5G06810"
"7","AT5G20730"
"7","AT1G17590"
"7","AT5G65205"
"7","AT3G06740"
"7","AT4G27745"
"7","AT1G06000"
"7","AT1G65845"
"7","AT4G13000"
"7","AT4G18630"
"7","AT4G39020"
"7","AT1G65850"
"7","AT1G76550"
"7","AT3G59150"
"7","AT1G48315"
"7","AT5G66130"
"7","AT3G13910"
"7","AT3G02160"
"7","AT4G34400"
"7","AT3G15300"
"7","AT1G71690"
"7","AT1G48605"
"7","AT3G53230"
"7","AT3G56400"
"7","AT5G54140"
"7","AT5G14760"
"7","AT5G38212"
"7","AT2G29065"
"7","AT4G15165"
"7","AT3G26690"
"7","AT1G33475"
"7","AT4G23550"
"7","AT1G69790"
"7","AT4G16780"
"7","AT5G43155"
"7","AT3G53232"
"7","AT1G69210"
"7","AT3G21530"
"7","AT1G01695"
"7","AT3G25780"
"7","AT1G62935"
"7","AT3G20180"
"7","AT3G08990"
"7","AT5G01040"
"7","AT4G21410"
"7","AT4G16920"
"7","AT3G24630"
"7","AT1G66780"
"7","AT1G71400"
"7","AT4G26200"
"7","AT5G54700"
"7","AT4G35590"
"7","AT5G36907"
"7","AT5G18270"
"7","AT3G11640"
"7","AT1G70420"
"7","AT1G02390"
"7","AT2G30490"
"7","AT4G22590"
"7","AT1G14330"
"7","AT4G30490"
"7","AT4G21120"
"7","AT3G61630"
"7","AT4G35480"
"7","AT5G04860"
"7","AT3G03020"
"7","AT5G37600"
"7","AT1G79450"
"7","AT2G47000"
"7","AT2G37110"
"7","AT2G41420"
"7","AT1G61150"
"7","AT1G76390"
"7","AT5G35460"
"7","AT2G46080"
"7","AT2G01670"
"7","AT2G38000"
"7","AT3G07560"
"7","AT4G39990"
"7","AT4G02195"
"7","AT2G30880"
"7","AT5G20000"
"7","AT1G80460"
"7","AT1G75860"
"7","AT5G41990"
"7","AT5G59290"
"7","AT4G33910"
"7","AT1G18480"
"7","AT3G17800"
"7","AT1G30640"
"7","AT4G05050"
"7","AT5G24430"
"7","AT1G28680"
"7","AT5G17690"
"7","AT4G12250"
"7","AT5G13420"
"7","AT4G33690"
"7","AT4G21980"
"7","AT5G20910"
"7","AT5G56350"
"7","AT5G64250"
"7","AT3G55050"
"7","AT5G41940"
"7","AT3G61570"
"7","AT2G34730"
"7","AT1G48850"
"7","AT3G06420"
"7","AT5G59890"
"7","AT1G76900"
"7","AT5G21070"
"7","AT1G10410"
"7","AT3G12550"
"7","AT3G12350"
"7","AT4G22920"
"7","AT4G01950"
"7","AT1G17860"
"7","AT4G02880"
"7","AT1G02750"
"7","AT1G33970"
"7","AT2G22860"
"7","AT2G46140"
"7","AT5G21900"
"7","AT5G58380"
"7","AT2G04350"
"7","AT5G18950"
"7","AT5G51620"
"7","AT1G68440"
"7","AT5G40000"
"7","AT4G35500"
"7","AT3G03750"
"7","AT3G06350"
"7","AT5G55400"
"7","AT1G32460"
"7","AT3G27570"
"7","AT1G05785"
"7","AT3G47730"
"7","AT1G52540"
"7","AT5G67600"
"7","AT5G25510"
"7","AT4G23920"
"7","AT3G17609"
"7","AT1G77000"
"7","AT2G20770"
"7","AT3G26420"
"7","AT4G02730"
"7","AT3G46280"
"7","AT5G10820"
"7","AT1G04290"
"7","AT1G35910"
"7","AT2G24330"
"7","AT2G31585"
"7","AT1G78380"
"7","AT1G77250"
"7","AT5G64010"
"7","AT1G02220"
"7","AT5G15130"
"7","AT1G27110"
"7","AT3G03360"
"7","AT5G46360"
"7","AT3G23160"
"7","AT1G78550"
"7","AT1G13480"
"7","AT1G72120"
"7","AT5G50560"
"7","AT3G03320"
"7","AT3G09480"
"7","AT4G34040"
"7","AT3G28600"
"7","AT5G40010"
"7","AT5G40730"
"7","AT1G56660"
"7","AT2G39200"
"7","AT3G57380"
"7","AT4G09770"
"7","AT3G61198"
"7","AT3G28510"
"7","AT4G03320"
"7","AT1G65610"
"7","AT1G73965"
"7","AT3G19660"
"7","AT4G21610"
"7","AT1G29640"
"7","AT5G59190"
"7","AT4G20460"
"7","AT4G38932"
"7","AT5G50760"
"7","AT2G30400"
"7","AT1G32930"
"7","AT5G41612"
"7","AT3G10310"
"7","AT4G24340"
"7","AT5G01900"
"7","AT1G08920"
"7","AT4G03460"
"7","AT1G24095"
"7","AT1G72670"
"7","AT4G37010"
"7","AT3G60961"
"7","AT2G28500"
"7","AT5G17680"
"7","AT1G72840"
"7","AT4G33925"
"7","AT2G29640"
"8","AT3G57550"
"8","AT5G26030"
"8","AT4G25030"
"8","AT3G19260"
"8","AT1G21120"
"8","AT1G42990"
"8","AT2G01450"
"8","AT4G12040"
"8","AT5G57220"
"8","AT4G36500"
"8","AT2G37940"
"8","AT1G29690"
"8","AT3G47550"
"8","AT1G28190"
"8","AT1G64065"
"8","AT4G21390"
"8","AT1G18570"
"8","AT2G41880"
"8","AT1G32920"
"8","AT1G18300"
"8","AT3G28340"
"8","AT3G02840"
"8","AT3G26670"
"8","AT5G46080"
"8","AT2G16500"
"8","AT4G22780"
"8","AT4G20830"
"8","AT3G57530"
"8","AT5G42050"
"8","AT5G11000"
"8","AT1G17750"
"8","AT4G23190"
"8","AT5G47910"
"8","AT5G64870"
"8","AT1G08930"
"8","AT5G18470"
"8","AT1G56140"
"8","AT4G25390"
"8","AT2G16900"
"8","AT3G22890"
"8","AT1G29340"
"8","AT3G20410"
"8","AT5G25930"
"8","AT4G02200"
"8","AT4G33920"
"8","AT5G27760"
"8","AT2G38470"
"8","AT1G09940"
"8","AT1G28370"
"8","AT1G64710"
"8","AT1G26380"
"8","AT1G53430"
"8","AT4G11280"
"8","AT5G53130"
"8","AT1G05675"
"8","AT4G20780"
"8","AT5G67080"
"8","AT1G11050"
"8","AT3G28930"
"8","AT1G80840"
"8","AT1G33600"
"8","AT3G52800"
"8","AT2G15390"
"8","AT4G34460"
"8","AT1G21130"
"8","AT3G25610"
"8","AT2G30720"
"8","AT5G57190"
"8","AT1G19180"
"8","AT3G08710"
"8","AT4G30850"
"8","AT2G25735"
"8","AT4G11370"
"8","AT5G59550"
"8","AT5G65600"
"8","AT5G14700"
"8","AT5G41100"
"8","AT1G51270"
"8","AT2G23320"
"8","AT4G22710"
"8","AT1G21110"
"8","AT5G48530"
"8","AT1G74360"
"8","AT4G39230"
"8","AT1G73080"
"8","AT3G05200"
"8","AT1G17147"
"8","AT1G17290"
"8","AT4G30210"
"8","AT2G01180"
"8","AT5G66650"
"8","AT5G25050"
"8","AT5G62570"
"8","AT1G12760"
"8","AT1G75020"
"8","AT5G05730"
"8","AT5G62865"
"8","AT1G26420"
"8","AT3G51920"
"8","AT5G18490"
"8","AT2G39400"
"8","AT5G66675"
"8","AT5G11670"
"8","AT2G17705"
"8","AT2G30020"
"8","AT3G26830"
"8","AT5G59450"
"8","AT1G15530"
"8","AT1G25220"
"8","AT1G32928"
"8","AT2G32250"
"8","AT2G26530"
"8","AT4G17230"
"8","AT4G27300"
"8","AT3G16720"
"8","AT1G54090"
"8","AT1G16090"
"8","AT2G38860"
"8","AT3G55980"
"8","AT3G55840"
"8","AT1G55450"
"8","AT4G13395"
"8","AT3G04230"
"8","AT2G03530"
"8","AT4G34180"
"8","AT5G43420"
"8","AT1G12200"
"8","AT3G22370"
"8","AT1G74330"
"8","AT3G26680"
"8","AT5G25910"
"8","AT5G54810"
"8","AT1G78850"
"8","AT2G02010"
"8","AT5G01540"
"8","AT1G76650"
"8","AT1G19310"
"8","AT3G57330"
"8","AT2G02860"
"8","AT5G64660"
"8","AT1G56240"
"8","AT1G21100"
"8","AT3G10985"
"8","AT3G51160"
"8","AT5G10520"
"8","AT3G11650"
"8","AT4G11330"
"8","AT5G44070"
"8","AT5G46910"
"8","AT4G17490"
"8","AT1G76700"
"8","AT4G28085"
"8","AT3G63310"
"8","AT1G33590"
"8","AT5G64905"
"8","AT3G23240"
"8","AT5G66070"
"8","AT4G19370"
"8","AT1G68340"
"8","AT1G43000"
"8","AT1G62300"
"8","AT2G02220"
"8","AT5G19230"
"8","AT1G27730"
"8","AT4G29900"
"8","AT3G54620"
"8","AT1G51700"
"8","AT4G24110"
"8","AT4G00970"
"8","AT2G15480"
"8","AT3G21070"
"8","AT1G62305"
"8","AT2G44578"
"8","AT4G04960"
"8","AT1G22890"
"8","AT4G28350"
"8","AT5G57910"
"8","AT1G67470"
"8","AT4G40080"
"8","AT4G24570"
"8","AT3G15356"
"8","AT5G01720"
"8","AT3G43250"
"8","AT4G31550"
"8","AT3G07800"
"8","AT1G02930"
"8","AT2G44490"
"8","AT5G13100"
"8","AT4G29050"
"8","AT5G45280"
"8","AT3G57730"
"8","AT2G32800"
"8","AT2G41430"
"8","AT1G03740"
"8","AT3G44830"
"8","AT5G48540"
"8","AT1G59910"
"8","AT3G09000"
"8","AT3G62150"
"8","AT5G04340"
"8","AT3G14090"
"8","AT3G49110"
"8","AT2G27310"
"8","AT1G63840"
"8","AT3G26910"
"8","AT5G40170"
"8","AT4G30600"
"8","AT2G24600"
"8","AT5G03380"
"8","AT3G19020"
"8","AT1G73540"
"8","AT1G19770"
"8","AT4G02410"
"8","AT1G69890"
"8","AT4G30340"
"8","AT2G41410"
"8","AT2G22500"
"8","AT4G10040"
"8","AT2G38360"
"8","AT3G59080"
"8","AT2G31990"
"8","AT3G16530"
"8","AT1G20510"
"8","AT3G22060"
"8","AT1G07130"
"8","AT4G18205"
"8","AT2G44840"
"8","AT4G01960"
"8","AT1G17380"
"8","AT1G19300"
"8","AT2G18210"
"8","AT5G66320"
"8","AT1G30700"
"8","AT3G12200"
"8","AT5G44060"
"8","AT2G23270"
"8","AT1G31930"
"8","AT2G21500"
"8","AT5G60350"
"8","AT5G13205"
"8","AT3G44260"
"8","AT5G44870"
"8","AT2G32240"
"8","AT4G32460"
"8","AT1G08630"
"8","AT5G13860"
"8","AT2G47060"
"8","AT1G51680"
"8","AT3G08760"
"8","AT4G23250"
"8","AT3G46600"
"8","AT1G76680"
"8","AT2G33110"
"8","AT3G57630"
"8","AT2G40000"
"8","AT2G26650"
"8","AT1G49000"
"8","AT5G49630"
"8","AT5G58787"
"8","AT1G61380"
"8","AT3G23230"
"8","AT2G44500"
"8","AT2G28210"
"8","AT1G16130"
"8","AT4G17070"
"8","AT5G45250"
"8","AT5G04020"
"8","AT1G79670"
"8","AT2G22880"
"8","AT4G37290"
"8","AT2G37970"
"8","AT3G09520"
"8","AT3G52520"
"8","AT3G46110"
"8","AT3G54810"
"8","AT1G76640"
"8","AT4G24400"
"8","AT3G15340"
"8","AT1G80280"
"8","AT3G05580"
"8","AT1G62200"
"8","AT1G69920"
"8","AT1G74740"
"8","AT5G52750"
"8","AT5G46295"
"8","AT1G53390"
"8","AT1G32150"
"8","AT4G18197"
"8","AT3G15990"
"8","AT5G15870"
"8","AT5G22270"
"8","AT5G46780"
"8","AT4G39950"
"8","AT4G03430"
"8","AT4G38550"
"8","AT4G33180"
"8","AT1G66500"
"8","AT3G20040"
"8","AT3G14990"
"8","AT1G67530"
"8","AT2G39480"
"8","AT5G41680"
"8","AT5G01542"
"8","AT3G10930"
"8","AT4G18195"
"8","AT5G07100"
"8","AT1G27500"
"8","AT1G07160"
"8","AT5G51070"
"8","AT5G03390"
"8","AT2G03540"
"8","AT1G63820"
"8","AT5G09790"
"8","AT3G05370"
"8","AT5G49520"
"8","AT3G50900"
"8","AT4G38540"
"8","AT2G33710"
"8","AT5G51830"
"8","AT4G31950"
"8","AT1G03905"
"8","AT1G79245"
"8","AT5G23850"
"8","AT2G43000"
"8","AT4G28390"
"8","AT4G17615"
"8","AT1G51820"
"8","AT4G15120"
"8","AT3G29034"
"8","AT5G63130"
"8","AT3G49540"
"8","AT3G48850"
"8","AT5G38310"
"8","AT2G28830"
"8","AT4G18540"
"8","AT4G17240"
"8","AT3G54740"
"8","AT2G32200"
"8","AT5G65609"
"8","AT4G10390"
"8","AT2G15490"
"8","AT1G63380"
"8","AT2G31945"
"8","AT1G74080"
"8","AT5G66790"
"8","AT1G67360"
"8","AT1G69430"
"8","AT1G50750"
"8","AT5G01250"
"8","AT2G23330"
"8","AT4G15233"
"8","AT1G53330"
"8","AT5G40180"
"8","AT3G03970"
"8","AT3G19030"
"8","AT4G37670"
"8","AT5G60300"
"8","AT2G03505"
"8","AT5G50570"
"8","AT1G16520"
"8","AT1G71520"
"8","AT3G50910"
"8","AT5G22690"
"8","AT5G56580"
"8","AT1G07128"
"8","AT1G72060"
"8","AT5G57010"
"8","AT2G01379"
"8","AT5G05240"
"8","AT3G50770"
"8","AT5G14730"
"8","AT5G01730"
"8","AT4G39580"
"8","AT5G38340"
"8","AT3G47230"
"8","AT1G48720"
"8","AT3G33189"
"8","AT2G41110"
"8","AT2G46600"
"8","AT1G60730"
"8","AT4G32020"
"8","AT4G22530"
"8","AT4G18010"
"8","AT4G02350"
"8","AT1G33560"
"8","AT5G01210"
"8","AT2G31955"
"8","AT5G15640"
"8","AT1G66590"
"8","AT2G41380"
"8","AT3G28940"
"8","AT3G04670"
"8","AT4G36480"
"8","AT4G19880"
"8","AT5G65240"
"8","AT1G69960"
"8","AT5G48930"
"8","AT1G78420"
"8","AT1G07240"
"8","AT1G20100"
"8","AT1G19380"
"8","AT5G03630"
"8","AT4G28550"
"8","AT5G67250"
"8","AT1G35350"
"8","AT1G28280"
"8","AT3G09370"
"8","AT3G08030"
"8","AT5G16830"
"8","AT5G62560"
"8","AT1G60440"
"8","AT1G47530"
"8","AT5G20960"
"8","AT2G22475"
"8","AT3G63010"
"8","AT2G23770"
"8","AT1G50360"
"8","AT2G25850"
"8","AT1G06050"
"8","AT3G59880"
"8","AT3G55600"
"8","AT5G57060"
"8","AT2G17530"
"8","AT1G66920"
"8","AT4G08180"
"8","AT3G25900"
"8","AT4G26970"
"8","AT5G45750"
"8","AT1G34260"
"8","AT5G45710"
"8","AT4G31860"
"8","AT3G09920"
"8","AT2G40090"
"8","AT2G46510"
"8","AT1G78860"
"8","AT4G21740"
"8","AT1G02880"
"8","AT1G70990"
"8","AT4G36640"
"8","AT2G42330"
"8","AT1G15170"
"8","AT4G18140"
"8","AT1G17744"
"8","AT5G02630"
"8","AT5G54730"
"8","AT5G18150"
"8","AT3G54640"
"8","AT3G16330"
"8","AT5G44390"
"8","AT1G22250"
"8","AT4G19460"
"8","AT3G50060"
"8","AT1G16220"
"8","AT4G02330"
"8","AT4G35380"
"8","AT4G27940"
"8","AT2G40110"
"8","AT2G43160"
"8","AT2G40113"
"8","AT5G10830"
"8","AT1G10990"
"8","AT2G29740"
"8","AT1G14640"
"8","AT3G62570"
"8","AT2G38740"
"8","AT1G66260"
"8","AT4G39910"
"8","AT5G28830"
"8","AT5G64090"
"8","AT3G22950"
"8","AT4G21560"
"8","AT4G39270"
"8","AT2G04520"
"8","AT2G27260"
"8","AT5G51640"
"8","AT3G13320"
"8","AT5G22350"
"8","AT4G12070"
"8","AT5G58720"
"8","AT1G21380"
"8","AT5G63880"
"8","AT3G15060"
"8","AT2G02180"
"8","AT1G66680"
"8","AT4G25640"
"8","AT2G20130"
"8","AT1G08830"
"8","AT5G55860"
"8","AT1G23220"
"8","AT1G72750"
"8","AT1G13360"
"8","AT4G24920"
"8","AT5G08139"
"8","AT3G53990"
"8","AT5G66730"
"8","AT4G04800"
"8","AT5G19070"
"8","AT1G75440"
"8","AT2G36880"
"8","AT5G57000"
"8","AT3G59520"
"8","AT5G24230"
"8","AT1G56345"
"8","AT3G27290"
"8","AT4G33440"
"8","AT2G22250"
"8","AT1G47560"
"8","AT2G47270"
"8","AT4G30370"
"8","AT5G36000"
"8","AT3G59900"
"9","AT1G03730"
"9","AT5G41180"
"9","AT5G58430"
"9","AT1G71100"
"9","AT4G09570"
"9","AT1G64610"
"9","AT1G30755"
"9","AT1G19020"
"9","AT4G30060"
"9","AT2G40095"
"9","AT5G22250"
"9","AT1G78410"
"9","AT5G35735"
"9","AT1G63720"
"9","AT4G39640"
"9","AT1G21550"
"9","AT1G63830"
"9","AT1G67970"
"9","AT2G39650"
"9","AT3G55950"
"9","AT3G10640"
"9","AT5G45100"
"9","AT5G62020"
"9","AT3G57450"
"9","AT4G33060"
"9","AT2G29720"
"9","AT1G31130"
"9","AT5G66210"
"9","AT1G18890"
"9","AT2G28080"
"9","AT3G26020"
"9","AT1G30620"
"9","AT1G80820"
"9","AT3G45640"
"9","AT3G49530"
"9","AT4G34150"
"9","AT1G51660"
"9","AT3G12740"
"9","AT5G42010"
"9","AT3G16510"
"9","AT5G59820"
"9","AT4G37640"
"9","AT1G61560"
"9","AT5G26751"
"9","AT1G67810"
"9","AT4G17900"
"9","AT1G72900"
"9","AT5G12480"
"9","AT2G39660"
"9","AT2G20900"
"9","AT3G19970"
"9","AT3G53810"
"9","AT3G25600"
"9","AT1G14370"
"9","AT1G73810"
"9","AT5G03990"
"9","AT5G01550"
"9","AT2G46330"
"9","AT3G09405"
"9","AT5G03320"
"9","AT1G24140"
"9","AT3G28580"
"9","AT3G07780"
"9","AT5G47070"
"9","AT3G15518"
"9","AT4G17500"
"9","AT4G39890"
"9","AT2G23810"
"9","AT3G60800"
"9","AT2G22300"
"9","AT2G46620"
"9","AT3G08720"
"9","AT3G21780"
"9","AT5G25170"
"9","AT3G44720"
"9","AT3G29400"
"9","AT5G09800"
"9","AT3G59660"
"9","AT1G13110"
"9","AT2G17290"
"9","AT3G14050"
"9","AT5G04550"
"9","AT5G06560"
"9","AT2G11520"
"9","AT3G60260"
"9","AT1G62422"
"9","AT2G40140"
"9","AT2G38290"
"9","AT4G39670"
"9","AT4G01010"
"9","AT5G66850"
"9","AT5G12940"
"9","AT3G26980"
"9","AT4G23030"
"9","AT4G18880"
"9","AT5G62620"
"9","AT5G54490"
"9","AT1G07135"
"9","AT4G33430"
"9","AT3G44630"
"9","AT1G15430"
"9","AT1G23710"
"9","AT2G46500"
"9","AT1G72940"
"9","AT3G11820"
"9","AT3G46620"
"9","AT4G35310"
"9","AT3G21700"
"9","AT2G20780"
"9","AT2G21120"
"9","AT4G24160"
"9","AT5G06320"
"9","AT1G30757"
"9","AT5G45840"
"9","AT1G61360"
"9","AT3G53260"
"9","AT5G10695"
"9","AT5G27420"
"9","AT4G29780"
"9","AT5G23510"
"9","AT5G54780"
"9","AT1G53440"
"9","AT2G30440"
"9","AT2G44080"
"9","AT4G08500"
"9","AT1G30420"
"9","AT3G55960"
"9","AT5G13200"
"9","AT3G46080"
"9","AT5G65920"
"9","AT5G08790"
"9","AT5G63490"
"9","AT4G25900"
"9","AT3G21650"
"9","AT5G61560"
"9","AT4G17250"
"9","AT1G76070"
"9","AT4G14370"
"9","AT1G50740"
"9","AT5G39785"
"9","AT4G27500"
"9","AT5G48560"
"9","AT4G02380"
"9","AT1G27770"
"9","AT2G35980"
"9","AT3G09032"
"9","AT3G11840"
"9","AT3G09020"
"9","AT1G07520"
"9","AT2G18680"
"9","AT2G41100"
"9","AT3G54100"
"9","AT1G77890"
"9","AT2G20010"
"9","AT3G09010"
"9","AT1G72520"
"9","AT1G02170"
"9","AT4G37370"
"9","AT2G21520"
"9","AT5G12930"
"9","AT1G15890"
"9","AT1G12360"
"9","AT5G18480"
"9","AT3G18440"
"9","AT5G57500"
"9","AT3G21140"
"9","AT1G61260"
"9","AT5G48657"
"9","AT4G33050"
"9","AT3G26500"
"9","AT5G05410"
"9","AT1G28380"
"9","AT3G01820"
"9","AT3G60690"
"9","AT4G05320"
"9","AT4G33940"
"9","AT3G23250"
"9","AT5G25250"
"9","AT1G57990"
"9","AT4G35110"
"9","AT5G03210"
"9","AT5G11650"
"9","AT5G04410"
"9","AT1G18390"
"9","AT5G15730"
"9","AT1G13210"
"9","AT2G06530"
"9","AT1G56540"
"9","AT2G13650"
"9","AT5G16800"
"9","AT1G61250"
"9","AT3G19010"
"9","AT2G26190"
"9","AT1G49050"
"9","AT1G74100"
"9","AT4G11850"
"9","AT1G25550"
"9","AT4G40020"
"9","AT3G63380"
"9","AT3G12830"
"9","AT1G02920"
"9","AT2G04305"
"9","AT3G18295"
"9","AT3G13080"
"9","AT4G14220"
"9","AT3G07090"
"9","AT5G04720"
"9","AT5G04870"
"9","AT4G39830"
"9","AT4G12120"
"9","AT4G17720"
"9","AT3G28450"
"9","AT1G05575"
"9","AT3G18690"
"9","AT1G67880"
"9","AT3G25250"
"9","AT2G36470"
"9","AT4G23280"
"9","AT1G61660"
"9","AT3G48780"
"9","AT4G03450"
"9","AT1G30000"
"9","AT4G08780"
"9","AT4G03420"
"9","AT3G48760"
"9","AT2G01340"
"9","AT3G46930"
"9","AT5G04930"
"9","AT1G11200"
"9","AT4G26910"
"9","AT5G57480"
"9","AT1G76970"
"9","AT3G09830"
"9","AT5G42140"
"9","AT4G23220"
"9","AT1G55530"
"9","AT3G14200"
"9","AT3G04640"
"9","AT3G09440"
"9","AT2G13790"
"9","AT3G22260"
"9","AT4G23010"
"9","AT5G46470"
"9","AT1G22650"
"9","AT2G41160"
"9","AT4G21903"
"9","AT1G69270"
"9","AT2G02370"
"9","AT1G61640"
"9","AT3G50760"
"9","AT1G10050"
"9","AT5G54860"
"9","AT3G56410"
"9","AT3G16030"
"9","AT5G43190"
"9","AT5G47730"
"9","AT1G59870"
"9","AT4G23470"
"9","AT5G04170"
"9","AT3G02800"
"9","AT5G08240"
"9","AT1G19360"
"9","AT3G01290"
"9","AT2G26300"
"9","AT3G49370"
"9","AT1G22280"
"9","AT2G38960"
"9","AT3G29000"
"9","AT5G02290"
"9","AT3G07370"
"9","AT3G58490"
"9","AT4G22980"
"9","AT2G33120"
"9","AT2G41640"
"9","AT5G24810"
"9","AT1G78895"
"9","AT1G70170"
"9","AT1G12420"
"9","AT3G45650"
"9","AT1G32530"
"9","AT3G66654"
"9","AT1G22885"
"9","AT5G65200"
"9","AT3G49350"
"9","AT2G23680"
"9","AT1G79690"
"9","AT1G01550"
"9","AT5G66630"
"9","AT4G37900"
"9","AT3G05320"
"9","AT4G18950"
"9","AT1G52200"
"9","AT3G13430"
"9","AT3G17700"
"9","AT2G39360"
"9","AT3G60120"
"9","AT2G29400"
"9","AT2G32030"
"9","AT4G28400"
"9","AT3G22942"
"9","AT3G07195"
"9","AT3G26000"
"9","AT5G01100"
"9","AT1G08940"
"9","AT3G57640"
"9","AT5G61530"
"9","AT4G27290"
"9","AT5G11970"
"9","AT2G19130"
"9","AT2G26560"
"9","AT3G21630"
"9","AT2G17110"
"9","AT5G01950"
"9","AT5G37490"
"9","AT2G41890"
"9","AT3G06300"
"9","AT1G04100"
"9","AT1G28390"
"9","AT1G22180"
"9","AT2G23450"
"9","AT2G48010"
"9","AT1G64460"
"9","AT3G11320"
"9","AT4G31510"
"9","AT2G31090"
"9","AT3G05710"
"9","AT5G61010"
"9","AT1G71697"
"9","AT5G57510"
"9","AT4G23270"
"9","AT2G18670"
"9","AT3G15760"
"9","AT2G25297"
"9","AT4G25720"
"9","AT5G56960"
"9","AT5G18400"
"9","AT3G10800"
"9","AT3G02070"
"9","AT4G22030"
"9","AT2G17720"
"9","AT4G26060"
"9","AT4G08770"
"9","AT4G00330"
"9","AT5G57035"
"9","AT3G02360"
"9","AT1G02360"
"9","AT3G46530"
"9","AT3G57480"
"9","AT3G47250"
"9","AT5G40780"
"9","AT5G09680"
"9","AT1G56250"
"9","AT2G29990"
"9","AT1G03940"
"9","AT3G54850"
"9","AT1G21450"
"9","AT2G37040"
"9","AT3G05360"
"9","AT1G07000"
"9","AT1G09630"
"9","AT2G19710"
"9","AT5G35200"
"9","AT5G03330"
"9","AT1G22510"
"9","AT1G47890"
"9","AT2G45300"
"9","AT4G19510"
"9","AT1G03370"
"9","AT3G55270"
"9","AT2G20562"
"9","AT5G67350"
"9","AT1G27350"
"9","AT2G44790"
"9","AT5G25790"
"9","AT4G39780"
"9","AT1G68840"
"9","AT4G30390"
"9","AT5G17060"
"9","AT5G36925"
"9","AT1G27330"
"9","AT5G54850"
"9","AT5G40760"
"9","AT4G20880"
"9","AT1G18900"
"9","AT3G11880"
"9","AT3G09030"
"9","AT1G66880"
"9","AT4G11000"
"9","AT1G65240"
"9","AT5G02800"
"9","AT5G47960"
"9","AT5G66480"
"9","AT3G44150"
"9","AT5G55970"
"9","AT1G20310"
"9","AT5G04160"
"9","AT4G03550"
"9","AT2G37430"
"9","AT5G56030"
"9","AT3G05050"
"9","AT3G02340"
"9","AT2G40270"
"9","AT3G63420"
"9","AT2G32930"
"9","AT3G12360"
"9","AT1G26270"
"9","AT1G06840"
"9","AT3G45638"
"9","AT5G14310"
"9","AT5G25440"
"9","AT1G01260"
"9","AT1G26800"
"9","AT3G03010"
"9","AT2G36580"
"9","AT1G31280"
"9","AT2G15042"
"9","AT5G08660"
"9","AT3G62260"
"9","AT5G48150"
"9","AT5G15470"
"9","AT2G30250"
"9","AT5G65630"
"9","AT1G74750"
"9","AT5G61600"
"9","AT5G59000"
"9","AT1G66480"
"9","AT5G61910"
"9","AT5G64700"
"9","AT1G54960"
"9","AT1G14260"
"9","AT2G19880"
"9","AT5G56010"
"9","AT3G21295"
"9","AT2G01600"
"9","AT1G03770"
"9","AT4G21865"
"9","AT4G21534"
"9","AT5G62180"
"9","AT1G56130"
"9","AT5G20610"
"9","AT1G10290"
"9","AT5G05300"
"9","AT4G01870"
"9","AT5G44910"
"9","AT5G05100"
"9","AT1G48640"
"9","AT1G07020"
"9","AT1G14540"
"9","AT3G12050"
"9","AT4G16840"
"9","AT3G25210"
"9","AT4G21500"
"9","AT4G13510"
"9","AT3G56470"
"9","AT4G35070"
"9","AT2G42350"
"9","AT4G14610"
"9","AT3G24530"
"9","AT5G05190"
"9","AT3G16270"
"9","AT1G67850"
"9","AT1G51800"
"9","AT4G20000"
"9","AT2G18685"
"9","AT4G37030"
"9","AT2G17520"
"9","AT1G34300"
"9","AT4G15420"
"9","AT3G24090"
"9","AT1G61460"
"9","AT1G11000"
"9","AT3G05380"
"9","AT5G20230"
"9","AT5G52870"
"9","AT3G11850"
"9","AT2G21460"
"9","AT5G61260"
"9","AT1G68390"
"9","AT1G62740"
"9","AT3G55730"
"9","AT1G34180"
"9","AT5G24210"
"9","AT1G14360"
"9","AT2G35658"
"9","AT2G02810"
"9","AT3G52540"
"9","AT2G35710"
"9","AT1G53801"
"9","AT5G59570"
"9","AT5G67140"
"9","AT5G51190"
"9","AT1G56145"
"9","AT2G20320"
"9","AT5G19240"
"9","AT3G09870"
"9","AT5G01370"
"9","AT2G30070"
"9","AT5G27610"
"9","AT1G17060"
"9","AT2G01029"
"9","AT3G47570"
"9","AT5G57140"
"9","AT5G42020"
"9","AT4G08230"
"9","AT2G41440"
"9","AT3G60680"
"9","AT3G44110"
"9","AT3G01430"
"9","AT1G47210"
"9","AT1G35710"
"9","AT5G63790"
"9","AT5G56870"
"9","AT2G21188"
"9","AT1G19010"
"9","AT1G25400"
"9","AT5G44582"
"9","AT5G45060"
"9","AT5G66658"
"9","AT4G16600"
"9","AT4G39380"
"9","AT2G26170"
"9","AT1G03650"
"9","AT1G26410"
"9","AT1G06140"
"9","AT3G55390"
"9","AT4G25380"
"9","AT3G01840"
"9","AT2G29750"
"9","AT5G22770"
"9","AT5G42460"
"9","AT5G20480"
"9","AT5G16230"
"9","AT1G07350"
"9","AT1G67630"
"9","AT1G64080"
"9","AT5G09590"
"9","AT1G72910"
"9","AT4G00760"
"9","AT5G28540"
"9","AT4G16660"
"9","AT4G01700"
"9","AT1G65970"
"9","AT4G29000"
"9","AT4G04900"
"9","AT5G25920"
"9","AT2G37890"
"9","AT2G26390"
"9","AT3G25597"
"9","AT5G02320"
"9","AT3G44730"
"9","AT3G54120"
"9","AT2G46940"
"9","AT2G42650"
"9","AT1G58420"
"9","AT3G18260"
"9","AT1G27720"
"9","AT1G11303"
"9","AT1G54215"
"9","AT5G62430"
"9","AT2G13275"
"9","AT1G61415"
"9","AT4G29520"
"9","AT4G01895"
"9","AT1G55365"
"9","AT5G28630"
"9","AT5G64900"
"9","AT2G36420"
"9","AT4G35940"
"9","AT1G31335"
"9","AT3G13900"
"9","AT2G24170"
"9","AT5G63300"
"9","AT3G05550"
"9","AT1G14040"
"9","AT1G59740"
"9","AT2G37710"
"9","AT1G32950"
"9","AT1G12320"
"9","AT1G21390"
"9","AT5G47830"
"9","AT1G08500"
"9","AT1G51340"
"9","AT5G24290"
"9","AT4G23850"
"9","AT1G14740"
"9","AT3G51890"
"9","AT2G17130"
"9","AT2G26480"
"9","AT1G71040"
"9","AT3G50950"
"9","AT4G25350"
"9","AT2G46260"
"9","AT1G73500"
"9","AT5G56170"
"9","AT1G73030"
"9","AT5G54110"
"9","AT3G03740"
"9","AT1G05350"
"9","AT5G59420"
"9","AT5G13810"
"9","AT3G57280"
"9","AT5G50430"
"9","AT4G25690"
"9","AT1G25682"
"9","AT3G16220"
"9","AT2G24360"
"9","AT5G25940"
"9","AT5G16880"
"9","AT3G62830"
"9","AT5G02040"
"9","AT5G21090"
"9","AT4G00300"
"9","AT4G23885"
"9","AT3G15260"
"9","AT1G70590"
"9","AT5G18110"
"9","AT1G21900"
"9","AT2G27200"
"9","AT1G16240"
"9","AT1G50640"
"9","AT1G10230"
"9","AT1G80510"
"9","AT5G53310"
"9","AT5G48970"
"9","AT3G29075"
"9","AT5G22000"
"9","AT5G60820"
"9","AT3G20510"
"9","AT3G29170"
"9","AT3G56800"
"9","AT1G02500"
"9","AT3G17205"
"9","AT4G20380"
"9","AT5G08630"
"9","AT5G42150"
"9","AT1G06870"
"9","AT3G60520"
"9","AT1G09645"
"9","AT1G21280"
"9","AT1G19240"
"9","AT1G70518"
"9","AT4G02890"
"9","AT5G11730"
"9","AT5G54930"
"9","AT1G74340"
"9","AT2G36330"
"9","AT4G24200"
"9","AT5G54100"
"9","AT1G04960"
"9","AT3G57120"
"9","AT5G42940"
"9","AT5G56950"
"9","AT3G13050"
"9","AT4G21700"
"9","AT1G57620"
"9","AT1G21200"
"9","AT1G47870"
"9","AT1G20460"
"9","AT2G17570"
"9","AT4G03110"
"9","AT2G04650"
"9","AT4G26750"
"9","AT3G09840"
"9","AT5G36002"
"9","AT4G13330"
"9","AT4G31790"
"9","AT5G38890"
"9","AT1G59820"
"9","AT5G50440"
"9","AT1G32690"
"9","AT3G53670"
"9","AT4G28380"
"9","AT2G33585"
"9","AT5G44980"
"10","AT5G04810"
"10","AT2G18940"
"10","AT3G49670"
"10","AT4G00340"
"10","AT4G12320"
"10","AT4G25910"
"10","AT4G36540"
"10","AT1G42550"
"10","AT2G45560"
"10","AT1G72645"
"10","AT5G55740"
"10","AT1G60800"
"10","AT5G52420"
"10","AT5G11550"
"10","AT2G32560"
"10","AT4G37080"
"10","AT5G12900"
"10","AT4G26520"
"10","AT2G31790"
"10","AT3G06750"
"10","AT3G15095"
"10","AT4G38160"
"10","AT5G07690"
"10","AT1G49010"
"10","AT4G24810"
"10","AT3G28040"
"10","AT2G33250"
"10","AT3G28080"
"10","AT3G47430"
"10","AT2G41310"
"10","AT1G62560"
"10","AT4G29720"
"10","AT3G12915"
"10","AT5G05890"
"10","AT5G53500"
"10","AT5G19530"
"10","AT4G35290"
"10","AT5G48910"
"10","AT1G04240"
"10","AT3G62470"
"10","AT3G15354"
"10","AT5G56860"
"10","AT3G54920"
"10","AT2G45850"
"10","AT3G62700"
"10","AT5G61420"
"10","AT4G27595"
"10","AT3G04140"
"10","AT4G21190"
"10","AT1G14345"
"10","AT5G09820"
"10","AT5G16000"
"10","AT4G30110"
"10","AT2G18570"
"10","AT1G17100"
"10","AT3G15570"
"10","AT3G28070"
"10","AT3G19570"
"10","AT2G43340"
"10","AT5G60050"
"10","AT1G30530"
"10","AT1G49650"
"10","AT5G24155"
"10","AT4G34220"
"10","AT1G26761"
"10","AT4G14040"
"10","AT4G03060"
"10","AT5G56590"
"10","AT2G01830"
"10","AT1G51080"
"10","AT1G31173"
"10","AT5G01790"
"10","AT1G72810"
"10","AT4G27030"
"10","AT1G65920"
"10","AT5G15310"
"10","AT5G06790"
"10","AT3G23880"
"10","AT1G72275"
"10","AT5G18475"
"10","AT4G13770"
"10","AT3G17640"
"10","AT1G31770"
"10","AT3G21870"
"10","AT2G36570"
"10","AT3G20350"
"10","AT1G76110"
"10","AT2G04790"
"10","AT1G13740"
"10","AT3G58990"
"10","AT1G29440"
"10","AT1G75190"
"10","AT2G43200"
"10","AT5G58480"
"10","AT4G17770"
"10","AT2G38120"
"10","AT1G70280"
"10","AT5G55580"
"10","AT1G16410"
"10","AT4G38430"
"10","AT5G47900"
"10","AT2G22980"
"10","AT4G37320"
"10","AT3G56370"
"10","AT5G12440"
"10","AT1G77580"
"10","AT1G05870"
"10","AT5G23010"
"10","AT1G49490"
"10","AT1G52190"
"10","AT4G12030"
"10","AT1G65590"
"10","AT1G26100"
"10","AT3G26960"
"10","AT1G06980"
"10","AT4G01130"
"10","AT3G22790"
"10","AT4G21445"
"10","AT2G05995"
"10","AT4G33660"
"10","AT4G35440"
"10","AT5G14200"
"10","AT5G07700"
"10","AT3G44120"
"10","AT3G12610"
"10","AT2G43100"
"10","AT5G01015"
"10","AT2G46710"
"10","AT1G21440"
"10","AT1G14350"
"10","AT5G63180"
"10","AT3G62390"
"10","AT2G42200"
"10","AT3G19710"
"10","AT1G43675"
"10","AT1G78990"
"10","AT4G24790"
"10","AT1G78370"
"10","AT5G44680"
"10","AT1G13250"
"10","AT4G10120"
"10","AT3G25670"
"10","AT2G41820"
"10","AT2G42900"
"10","AT1G27940"
"10","AT5G07180"
"10","AT4G39510"
"10","AT5G57780"
"10","AT5G15580"
"10","AT3G61750"
"10","AT1G60960"
"10","AT1G53875"
"10","AT5G49390"
"10","AT5G27360"
"10","AT1G08390"
"10","AT3G18850"
"10","AT3G48200"
"10","AT2G03420"
"10","AT3G16910"
"10","AT3G02060"
"10","AT1G74850"
"10","AT1G74070"
"10","AT5G02830"
"10","AT3G55630"
"10","AT3G26570"
"10","AT3G02690"
"10","AT5G22640"
"10","AT1G32060"
"10","AT4G28080"
"10","AT3G09650"
"10","AT2G21330"
"10","AT1G03310"
"10","AT3G22150"
"10","AT1G15690"
"10","AT3G16260"
"10","AT2G29630"
"10","AT4G26530"
"10","AT2G13360"
"10","AT1G19150"
"10","AT5G46580"
"10","AT4G34830"
"10","AT4G16410"
"10","AT2G28605"
"10","AT1G15290"
"10","AT3G04550"
"10","AT1G54500"
"10","AT2G35780"
"10","AT4G31850"
"10","AT2G30150"
"10","AT5G02710"
"10","AT5G53170"
"10","AT1G60000"
"10","AT2G35130"
"10","AT1G21600"
"10","AT5G38510"
"10","AT5G38430"
"10","AT1G44920"
"10","AT4G16390"
"10","AT5G48730"
"10","AT1G68890"
"10","AT1G01320"
"10","AT5G23060"
"10","AT3G56040"
"10","AT5G10690"
"10","AT5G28500"
"10","AT4G32570"
"10","AT5G16590"
"10","AT5G21930"
"10","AT1G23400"
"10","AT1G55370"
"10","AT3G23070"
"10","AT2G30390"
"10","AT1G26150"
"10","AT1G68010"
"10","AT3G62750"
"10","AT5G23570"
"10","AT1G26230"
"10","AT4G33500"
"10","AT1G14150"
"10","AT3G61780"
"10","AT3G25690"
"10","AT3G43600"
"10","AT5G18590"
"10","AT3G46610"
"10","AT2G36990"
"10","AT3G18390"
"10","AT3G01370"
"10","AT5G50280"
"10","AT1G53800"
"10","AT1G65070"
"10","AT3G51950"
"10","AT2G26730"
"10","AT3G01440"
"10","AT5G26820"
"10","AT3G14415"
"10","AT3G56010"
"10","AT5G45650"
"10","AT1G62750"
"10","AT5G57930"
"10","AT3G53460"
"10","AT1G07110"
"10","AT1G64770"
"10","AT3G60750"
"10","AT2G21530"
"10","AT4G00370"
"10","AT2G24280"
"10","AT5G52100"
"10","AT4G13250"
"10","AT4G24090"
"10","AT5G17790"
"10","AT5G07900"
"10","AT5G57030"
"10","AT1G70940"
"10","AT2G40840"
"10","AT5G55540"
"10","AT3G16250"
"10","AT3G49140"
"10","AT3G10160"
"10","AT5G38420"
"10","AT4G31040"
"10","AT1G23180"
"10","AT2G04270"
"10","AT2G37450"
"10","AT4G14510"
"10","AT3G29320"
"10","AT3G63370"
"10","AT3G06980"
"10","AT3G02830"
"10","AT3G17170"
"10","AT3G14330"
"10","AT2G41720"
"10","AT2G47910"
"10","AT5G10470"
"10","AT2G23390"
"10","AT2G28950"
"10","AT3G46970"
"10","AT5G35220"
"10","AT3G14420"
"10","AT3G19480"
"10","AT2G37630"
"10","AT4G04750"
"10","AT3G25410"
"10","AT5G02250"
"10","AT3G14980"
"10","AT5G54770"
"10","AT5G58260"
"10","AT5G11580"
"10","AT1G08540"
"10","AT3G14210"
"10","AT3G48500"
"10","AT2G39730"
"10","AT1G17220"
"10","AT5G27270"
"10","AT3G18110"
"10","AT4G12830"
"10","AT4G09040"
"10","AT2G31190"
"10","AT1G54730"
"10","AT5G56850"
"10","AT3G12930"
"10","AT2G33330"
"10","AT5G52010"
"10","AT5G20280"
"10","AT5G01510"
"10","AT1G06240"
"10","AT5G19390"
"10","AT5G01240"
"10","AT1G49380"
"10","AT5G45300"
"10","AT4G39620"
"10","AT1G19920"
"10","AT3G10270"
"10","AT5G22800"
"10","AT4G12750"
"10","AT5G19090"
"10","AT3G03770"
"10","AT1G15180"
"10","AT5G13980"
"10","AT4G27700"
"10","AT1G54820"
"10","AT1G55540"
"10","AT4G18240"
"10","AT2G39930"
"10","AT1G50840"
"10","AT5G57960"
"10","AT1G55690"
"10","AT5G53860"
"10","AT5G58310"
"10","AT5G46390"
"10","AT1G63470"
"10","AT1G67660"
"10","AT4G35300"
"10","AT4G30020"
"10","AT5G01930"
"10","AT3G09580"
"10","AT1G32090"
"10","AT1G64860"
"10","AT4G25080"
"10","AT2G05920"
"10","AT5G27240"
"10","AT1G68220"
"10","AT1G17850"
"10","AT2G25480"
"10","AT5G01920"
"10","AT2G01590"
"10","AT1G05460"
"10","AT5G61480"
"10","AT1G12860"
"10","AT3G22420"
"10","AT2G26840"
"10","AT2G47930"
"10","AT1G58520"
"10","AT2G24120"
"10","AT3G05410"
"10","AT4G12900"
"10","AT1G60550"
"10","AT1G44000"
"10","AT4G30720"
"10","AT4G26670"
"10","AT2G03140"
"10","AT3G12685"
"10","AT5G08370"
"10","AT1G33170"
"10","AT4G25290"
"10","AT1G09750"
"10","AT4G32710"
"10","AT1G71695"
"10","AT5G24000"
"10","AT1G60600"
"10","AT2G34710"
"10","AT1G47900"
"10","AT2G45470"
"10","AT4G18670"
"10","AT5G51560"
"10","AT2G20290"
"10","AT5G06220"
"10","AT1G12900"
"10","AT5G64380"
"10","AT3G03710"
"10","AT5G65700"
"10","AT5G64770"
"10","AT1G15165"
"10","AT2G15820"
"10","AT5G08720"
"10","AT1G11720"
"10","AT1G76280"
"10","AT2G34510"
"10","AT5G37020"
"10","AT1G60990"
"10","AT4G01460"
"10","AT4G15810"
"10","AT5G44530"
"10","AT4G39120"
"10","AT4G31390"
"10","AT3G23760"
"10","AT2G26080"
"10","AT1G50732"
"10","AT5G26570"
"10","AT1G66140"
"10","AT2G28310"
"10","AT2G40475"
"10","AT1G51100"
"10","AT2G40815"
"10","AT5G63420"
"10","AT3G53800"
"10","AT1G56230"
"10","AT3G48430"
"10","AT5G20630"
"10","AT5G04060"
"10","AT1G70580"
"10","AT4G38660"
"10","AT2G41950"
"10","AT1G49975"
"10","AT2G47450"
"10","AT2G19170"
"10","AT1G14840"
"10","AT5G43870"
"10","AT5G62670"
"10","AT3G09160"
"10","AT1G67690"
"10","AT3G18870"
"10","AT2G32650"
"10","AT4G16980"
"10","AT5G39530"
"10","AT5G27390"
"10","AT3G24660"
"10","AT5G18030"
"10","AT2G33050"
"10","AT5G14210"
"10","AT2G27040"
"10","AT1G18415"
"10","AT5G13140"
"10","AT3G07130"
"10","AT4G33010"
"10","AT1G30520"
"10","AT1G55350"
"10","AT3G23700"
"10","AT2G20240"
"10","AT1G21880"
"10","AT1G49580"
"10","AT3G61950"
"10","AT5G61350"
"10","AT1G09710"
"10","AT2G37080"
"10","AT1G13650"
"10","AT4G31590"
"10","AT2G43360"
"10","AT3G53190"
"10","AT3G49650"
"10","AT5G49555"
"10","AT1G29410"
"10","AT5G51350"
"10","AT4G03140"
"10","AT2G01918"
"10","AT2G25840"
"10","AT5G13000"
"10","AT1G10760"
"10","AT1G21560"
"10","AT1G17200"
"10","AT3G18090"
"10","AT2G24230"
"10","AT1G77630"
"10","AT2G37790"
"10","AT1G29660"
"10","AT4G12980"
"10","AT3G50240"
"10","AT3G29639"
"10","AT1G12775"
"10","AT4G20430"
"10","AT3G06140"
"10","AT5G57130"
"10","AT5G04140"
"10","AT4G02510"
"10","AT3G18000"
"10","AT3G13510"
"10","AT5G51550"
"10","AT5G60210"
"10","AT2G38230"
"10","AT4G24670"
"10","AT5G58930"
"10","AT3G55160"
"10","AT5G05580"
"10","AT5G06670"
"10","AT3G05180"
"10","AT2G22650"
"10","AT1G29170"
"10","AT3G10405"
"10","AT1G59980"
"10","AT2G10940"
"10","AT3G54720"
"10","AT2G29180"
"10","AT3G51740"
"10","AT5G58300"
"10","AT4G00755"
"10","AT3G26932"
"10","AT3G48610"
"10","AT1G08610"
"10","AT1G23205"
"10","AT2G29300"
"10","AT3G22810"
"10","AT4G03935"
"10","AT1G77400"
"10","AT3G17040"
"10","AT5G04230"
"10","AT2G02020"
"10","AT1G65900"
"10","AT3G20440"
"10","AT4G25420"
"10","AT4G38860"
"10","AT1G36180"
"10","AT2G18230"
"10","AT2G34620"
"10","AT4G12970"
"10","AT3G58100"
"10","AT1G11130"
"10","AT2G32410"
"10","AT1G18610"
"10","AT5G18700"
"10","AT5G04050"
"10","AT5G19730"
"10","AT2G38460"
"10","AT2G21210"
"10","AT4G30610"
"10","AT5G19210"
"10","AT3G52290"
"10","AT2G40480"
"10","AT1G80170"
"10","AT3G23210"
"10","AT5G53900"
"10","AT1G80050"
"10","AT1G03270"
"10","AT1G60590"
"10","AT5G65410"
"10","AT4G01915"
"10","AT2G42380"
"10","AT2G24350"
"10","AT3G04690"
"10","AT1G19950"
"10","AT2G01950"
"10","AT5G05630"
"10","AT4G37110"
"10","AT4G14090"
"10","AT1G52150"
"10","AT5G58340"
"10","AT1G73600"
"10","AT5G48360"
"10","AT2G21560"
"10","AT3G44990"
"10","AT5G35490"
"10","AT5G01890"
"10","AT2G02780"
"10","AT4G22560"
"10","AT4G23020"
"10","AT2G45970"
"10","AT5G06180"
"10","AT1G68540"
"10","AT2G36980"
"10","AT5G25590"
"10","AT4G37550"
"10","AT1G18650"
"10","AT1G68940"
"10","AT2G34170"
"10","AT3G22120"
"10","AT2G40690"
"10","AT3G10080"
"10","AT4G20940"
"10","AT4G13560"
"10","AT3G54910"
"10","AT1G01390"
"10","AT3G07210"
"10","AT5G63140"
"10","AT3G24560"
"10","AT1G12300"
"10","AT1G15080"
"10","AT2G30420"
"10","AT2G27402"
"10","AT1G45191"
"10","AT4G39770"
"10","AT3G05415"
"10","AT1G45207"
"10","AT3G18217"
"10","AT3G44940"
"10","AT3G52910"
"10","AT5G57170"
"10","AT4G04370"
"10","AT2G01505"
"10","AT2G28050"
"10","AT1G68780"
"10","AT3G51480"
"10","AT2G33735"
"10","AT1G12020"
"10","AT4G36180"
"10","AT2G22810"
"10","AT2G14660"
"10","AT5G44660"
"10","AT4G00050"
"10","AT1G11290"
"10","AT5G38140"
"10","AT5G48900"
"10","AT1G76870"
"10","AT1G15550"
"10","AT4G30520"
"10","AT5G54569"
"10","AT1G53250"
"10","AT3G52720"
"10","AT1G56210"
"10","AT1G46480"
"10","AT2G47920"
"10","AT3G45940"
"10","AT1G28400"
"10","AT4G29240"
"10","AT5G42040"
"10","AT5G28360"
"10","AT3G53850"
"10","AT3G51720"
"10","AT1G12244"
"10","AT3G06130"
"10","AT4G24780"
"10","AT5G28910"
"10","AT2G43465"
"10","AT3G16750"
"10","AT4G25470"
"10","AT3G22121"
"10","AT2G27420"
"10","AT2G40150"
"10","AT1G20470"
"10","AT2G20210"
"10","AT5G42110"
"10","AT1G29500"
"10","AT3G06880"
"10","AT5G50740"
"10","AT5G44490"
"10","AT3G54390"
"10","AT4G14103"
"10","AT2G34060"
"10","AT5G26790"
"10","AT4G14713"
"10","AT1G20160"
